gem_name,dependency_type,count
activesupport,runtime,159
activerecord,runtime,158
rspec,runtime,124
actionpack,runtime,121
rspec,development,113
merb-core,runtime,107
rails,runtime,95
haml,runtime,89
actionmailer,runtime,81
cucumber,development,75
json,runtime,68
activeresource,runtime,68
rest-client,runtime,62
dm-core,runtime,62
mongo,runtime,61
facets,runtime,58
rspec-core,development,57
merb-slices,runtime,57
thor,runtime,57
sequel,runtime,56
padrino-core,runtime,55
rspec-expectations,development,55
cucumber,runtime,55
padrino-helpers,runtime,54
padrino-mailer,runtime,53
merb-auth-core,runtime,52
merb-auth-more,runtime,52
net-ssh,runtime,52
capistrano,runtime,52
nokogiri,runtime,51
rack,runtime,49
padrino-gen,runtime,46
sinatra,runtime,45
mongoid,runtime,45
rake,runtime,45
merb-assets,runtime,45
chef,runtime,44
hoe,runtime,43
merb-mailer,runtime,43
bundler,runtime,42
redis,runtime,42
dm-migrations,runtime,41
merb-haml,runtime,41
dm-types,runtime,41
dm-validations,runtime,40
merb-gen,runtime,40
merb-helpers,runtime,40
hpricot,runtime,39
dm-aggregates,runtime,39
merb-action-args,runtime,38
httparty,runtime,38
highline,runtime,38
padrino-admin,runtime,38
mechanize,runtime,37
json_pure,runtime,37
merb-cache,runtime,37
rspec-core,runtime,37
dm-timestamps,runtime,36
rmagick,runtime,36
activerecord,development,36
rspec-mocks,development,36
bundler,development,36
libxml-ruby,runtime,35
remarkable,runtime,34
rspec-mocks,runtime,34
mongo_mapper,runtime,34
merb-param-protection,runtime,34
rspec-expectations,runtime,34
RedCloth,runtime,34
resque,runtime,34
dm-serializer,runtime,33
data_objects,runtime,33
logging,runtime,33
brnumeros,runtime,32
warden,runtime,32
gtk2applib,runtime,32
merb_datamapper,runtime,32
haml,development,32
brdata,runtime,32
devise,runtime,31
yard,development,31
hoe,development,31
brhelper,runtime,31
brdinheiro,runtime,31
sunspot,runtime,31
brstring,runtime,31
brcep,runtime,31
thin,runtime,30
merb-exceptions,runtime,30
netzke-core,runtime,30
extlib,runtime,30
windows-pr,runtime,30
rubyforge,runtime,30
rubigen,runtime,29
shoulda,development,29
merb-auth,runtime,29
will_paginate,runtime,29
mongrel,runtime,28
sqlite3-ruby,runtime,28
webmock,development,28
addressable,runtime,28
daemons,runtime,28
merb-more,runtime,28
actionwebservice,runtime,28
yajl-ruby,runtime,27
activemodel,runtime,27
merb-auth-slice-password,runtime,27
activesupport,development,27
bones,development,27
rdf,runtime,27
trollop,runtime,26
oauth,runtime,26
tilt,runtime,26
eventmachine,runtime,26
earth,runtime,26
curb,runtime,26
rspec-rails,development,26
sniff,development,26
brcpfcnpj,runtime,26
remarkable_activerecord,runtime,25
rails,development,25
json,development,25
fakeweb,development,25
compass,runtime,25
ParseTree,runtime,24
active_support,runtime,24
mocha,development,24
hobosupport,runtime,24
rack-test,development,24
hashie,runtime,24
do_sqlite3,runtime,23
rdiscount,runtime,23
minitest,development,23
jeweler,development,23
og,runtime,23
ffi,runtime,23
glue,runtime,23
r18n-core,runtime,23
hobofields,runtime,22
remote_table,runtime,22
ruby2ruby,runtime,22
rye,runtime,22
sprout,runtime,22
bson,runtime,22
uuidtools,runtime,22
unicorn,runtime,22
activerecord-jdbc-adapter,runtime,21
log4r,runtime,21
treetop,runtime,21
ruby-openid,runtime,21
chef-server-webui,runtime,21
chef-solr,runtime,21
actionpack,development,21
chef-server-api,runtime,21
amazon-ec2,runtime,21
masterview,runtime,20
erubis,runtime,20
masterview_generator,runtime,20
builder,runtime,20
masterview_plugin_generator,runtime,20
test-unit,development,20
i18n,runtime,20
mocha,runtime,20
RubyInline,runtime,20
fastercsv,runtime,20
em-http-request,runtime,20
nokogiri,development,20
rr,development,20
rake,development,20
main,runtime,19
uuid,runtime,19
rjb,runtime,19
riot,development,19
ZenTest,runtime,19
crack,runtime,19
mack-data_mapper,runtime,19
rcov,development,19
rdoc,runtime,19
bson_ext,runtime,19
rack-test,runtime,18
ruport,runtime,18
prawn,runtime,18
coderay,runtime,18
mail,runtime,18
merb,runtime,18
excon,runtime,18
mack-facets,runtime,18
grit,runtime,18
appengine-tools,runtime,18
mongo_ext,runtime,17
rdf-spec,development,17
mack-pdf_writer,runtime,17
mack-markaby,runtime,17
mack-haml,runtime,17
open4,runtime,17
mack-more,runtime,17
mack-active_record,runtime,17
rcov,runtime,17
redis-namespace,runtime,17
capybara,runtime,17
tzinfo,runtime,17
sqlite3-ruby,development,17
twitter,runtime,17
mack-localization,runtime,17
twitter2vk_reposter,runtime,17
newgem,development,17
railties,runtime,16
gherkin,runtime,16
launchy,runtime,16
paperclip,runtime,16
echoe,development,16
mack-caching,runtime,16
appengine-sdk,runtime,16
dm-adjust,runtime,16
rspec-rails,runtime,16
net-sftp,runtime,15
mack-notifier,runtime,15
rubyzip,runtime,15
mack-javascript,runtime,15
rack,development,15
benelux,runtime,15
brI18n,runtime,15
ramaze,runtime,15
thoughtbot-shoulda,development,15
mongoid,development,15
oa-core,runtime,15
oa-oauth,runtime,15
padrino-routing,runtime,15
storable,runtime,15
mack-data_factory,runtime,15
activemerchant,runtime,14
cmdparse,runtime,14
couchrest,runtime,14
prawn-core,runtime,14
ruote,runtime,14
templater,runtime,14
yard,runtime,14
arrayfields,runtime,14
emitter,runtime,14
httpclient,runtime,14
webrat,runtime,13
oauth2,runtime,13
mongo_mapper,development,13
hpricot,development,13
ruby-debug-base,runtime,13
gettext,runtime,13
webrat,development,13
arel,runtime,13
le1t0-capistrano,runtime,13
memcache-client,runtime,13
mime-types,runtime,13
RedCloth,development,13
boxgrinder-core,runtime,13
mack-orm,runtime,13
envjs,runtime,13
tap,runtime,13
formtastic,runtime,13
ruby-debug,runtime,13
typhoeus,runtime,13
rufus-jig,runtime,13
configatron,runtime,13
win32-api,runtime,13
roxml,runtime,13
brtraducao,runtime,13
gemcutter,development,13
appengine-rack,runtime,13
aruba,development,12
right_aws,runtime,12
mack-encryption,runtime,12
mustache,runtime,12
factory_girl,development,12
polyglot,runtime,12
toadhopper,runtime,12
rubytter,runtime,12
riot,runtime,12
drydock,runtime,12
loquacious,runtime,12
sexp_processor,runtime,12
mack-distributed,runtime,12
jnunemaker-validatable,runtime,12
dm-constraints,runtime,12
dm-observer,runtime,12
chronic,runtime,12
locale,runtime,12
sequel_core,runtime,12
tmail,runtime,12
xml-simple,runtime,12
rdoc,development,12
money,runtime,12
appengine-apis,runtime,12
inochi,development,11
dm-transactions,runtime,11
hirb,runtime,11
aws-s3,runtime,11
dm-migrations,development,11
term-ansicolor,runtime,11
kramdown,runtime,11
state_machine,runtime,11
sugar-high,runtime,11
commander,runtime,11
gosu,runtime,11
guard,runtime,11
rails3_artifactor,runtime,11
json_pure,development,11
ruby_parser,runtime,11
rake-compiler,development,11
sanitize,runtime,11
rufus-tokyo,runtime,11
faraday_middleware,runtime,11
amqp,runtime,11
gibbler,runtime,11
prawn-layout,runtime,11
riak-client,runtime,11
rack-openid,runtime,11
mysql,runtime,11
memcached,runtime,11
camping,runtime,11
blockenspiel,runtime,11
rsolr,runtime,11
inherited_resources,runtime,11
oa-openid,runtime,11
monkey-lib,runtime,11
caesars,runtime,11
riddle,runtime,11
net-scp,runtime,10
dm-is-tree,runtime,10
innate,runtime,10
handsoap,runtime,10
htmlentities,runtime,10
archive-tar-minitar,runtime,10
kelredd-useful,runtime,10
flexmock,runtime,10
patir,runtime,10
durran-validatable,runtime,10
johnson,runtime,10
sinatra,development,10
bones-extras,development,10
dm-cli,runtime,10
bluecloth,development,10
gruff,runtime,10
xmpp4r,runtime,10
fog,runtime,10
faraday,runtime,10
rdf,development,10
sequel,development,10
bluecloth,runtime,10
data_mapper,runtime,10
selenium-webdriver,runtime,10
capybara,development,10
dm-validations,development,10
friendly_id,runtime,10
chunky_png,runtime,10
plucky,runtime,10
oa-basic,runtime,10
gen,runtime,10
aws,runtime,10
bcrypt-ruby,runtime,10
maruku,runtime,9
markaby,runtime,9
bacon,development,9
smartcard,runtime,9
virtualbox,runtime,9
rufus-json,runtime,9
soap4r,runtime,9
rufus-scheduler,runtime,9
ferret,runtime,9
fakeweb,runtime,9
spreadsheet,runtime,9
memcache-client,development,9
firewatir,runtime,9
formatador,runtime,9
nanoc3,runtime,9
xamplr,runtime,9
mislav-will_paginate,runtime,9
rubyforge,development,9
english,runtime,9
oa-enterprise,runtime,9
ronin,runtime,9
authlogic,runtime,9
tem_ruby,runtime,9
wxruby,runtime,9
happymapper,runtime,9
timecop,development,9
facter,runtime,9
validation_reflection,runtime,9
heroku,runtime,9
bson_ext,development,9
commonwatir,runtime,9
redgreen,development,9
bertrpc,runtime,9
rainbows,runtime,9
gem_plugin,runtime,9
rev,runtime,9
dm-core,development,9
patron,runtime,9
ruby-nuggets,runtime,9
dm-types,development,8
jruby-rack,runtime,8
mini_magick,runtime,8
rtm-javatmapi,runtime,8
rest-client,development,8
vegas,runtime,8
pg,runtime,8
rprogram,runtime,8
delayed_job,runtime,8
cancan,runtime,8
cachetastic,runtime,8
shotgun,runtime,8
less,runtime,8
database_cleaner,development,8
sinatra-test-helper,development,8
fxruby,runtime,8
rack-mount,runtime,8
css_parser,runtime,8
merb-parts,runtime,8
application_configuration,runtime,8
refinerycms,runtime,8
ruby-mp3info,runtime,8
pdf-writer,runtime,8
win32-process,runtime,8
multipart-post,runtime,8
rails3_assist,runtime,8
newrelic_rpm,runtime,8
dm-is-remixable,runtime,8
thinking-sphinx,runtime,8
fabulator,runtime,8
searchlogic,runtime,8
selenium-client,runtime,8
usher,runtime,8
rubyless,runtime,8
picnic,runtime,8
git,runtime,8
spork,development,8
terminal-table,runtime,8
merb-builder,runtime,8
therubyracer,runtime,8
colored,runtime,8
ZenTest,development,8
fastthread,runtime,8
directory_watcher,runtime,8
bones,runtime,8
rails-app-spec,development,8
attributes,runtime,8
choice,runtime,8
appengine-jruby-jars,runtime,8
dnssd,runtime,8
mack-asset_packager,runtime,8
test-unit,runtime,8
soup,runtime,8
gemcutter,runtime,8
gettext_activerecord,runtime,8
has_messages,runtime,8
ohai,runtime,8
dm-aggregates,development,8
ruby-hmac,runtime,8
newgem,runtime,8
libxml-ruby,development,8
rufus-cloche,runtime,7
rich_cms,runtime,7
curb,development,7
less,development,7
rscm,runtime,7
rich_i18n,runtime,7
rb-appscript,runtime,7
rainbow,runtime,7
em-http-request,development,7
bert,runtime,7
generator-spec,development,7
needle,runtime,7
castle.core,runtime,7
fattr,runtime,7
datamapper,runtime,7
remarkable_activemodel,runtime,7
windows-api,runtime,7
leap,runtime,7
conversions,runtime,7
configurable,runtime,7
stringex,runtime,7
mongrel_cluster,runtime,7
contest,development,7
characterizable,runtime,7
optitron,runtime,7
taps,runtime,7
dm-sweatshop,runtime,7
flog,runtime,7
guard-rspec,development,7
loofah,runtime,7
rdiscount,development,7
do_sqlite3,development,7
launchy,development,7
genosaurus,runtime,7
sysinfo,runtime,7
jdbc-derby,runtime,7
om,runtime,7
growl,runtime,7
vlad,runtime,7
liquid,runtime,7
jetty,runtime,7
http_router,runtime,7
jruby-jars,runtime,7
dryml,runtime,7
rchardet,runtime,7
abundance,runtime,7
hobo_support,runtime,7
dm-do-adapter,runtime,7
multiarray,runtime,7
hobo_fields,runtime,7
glib2,runtime,7
sinatra-advanced-routes,runtime,7
hornetseye-frame,runtime,7
json-jruby,runtime,7
amalgalite,runtime,7
BlueCloth,runtime,7
bunny,runtime,7
simple-rss,runtime,7
png,runtime,7
require_all,runtime,7
mack-paths,runtime,7
promise,runtime,6
filander,runtime,6
diff-lcs,runtime,6
redis,development,6
syntax,runtime,6
orderedhash,runtime,6
ig3client,runtime,6
radiant,runtime,6
encrypted_strings,runtime,6
active_record,runtime,6
msgpack,runtime,6
postgres,runtime,6
rice,runtime,6
six-updater,runtime,6
prawn-security,runtime,6
buzzcore,runtime,6
shotgun,development,6
deprec,runtime,6
annoy,runtime,6
gtk2,runtime,6
win32-open3,runtime,6
sinatra-sugar,runtime,6
perennial,runtime,6
dm-sqlite-adapter,runtime,6
active_support,development,6
tap,development,6
rjack-tarpit,development,6
parameters,runtime,6
dango_generator,runtime,6
net-ssh-gateway,runtime,6
rghost,runtime,6
exifr,runtime,6
morph,runtime,6
acts_as_solr,runtime,6
riot_notifier,development,6
ruby-fedora,runtime,6
backports,runtime,6
plist,runtime,6
erubis,development,6
quality_extensions,runtime,6
builder,development,6
versionomy,runtime,6
ruby-debug,development,6
rpx_now,runtime,6
mcmire-matchy,development,6
rjack-slf4j,runtime,6
asf_scaffold_generator,runtime,6
em-websocket,runtime,6
vcr,development,6
locale_rails,runtime,6
extensions,runtime,6
log4net,runtime,6
cancan-permits,runtime,6
Antwrap,runtime,6
merb-jquery,runtime,6
sunspot_rails,runtime,6
gdata,runtime,6
mack_ruby_core_extensions,runtime,6
statsample,runtime,6
timeframe,runtime,6
win32-service,runtime,6
tioga,runtime,6
escape,runtime,6
yui-compressor,runtime,6
optiflag,runtime,6
cohort_scope,runtime,6
prawn,development,6
six-rsync,runtime,6
sqlite-ruby,runtime,6
mini_fb,runtime,6
libjtp,runtime,6
jdbc-postgres,runtime,6
koala,runtime,6
autotest,development,6
bones-git,development,6
ruby_ex,runtime,6
yaparc,runtime,6
watchr,development,6
logworm_amqp,development,6
gdk_pixbuf2,runtime,6
schacon-git,runtime,6
GeoRuby,runtime,6
activerdf,runtime,6
mash,runtime,6
minitest,runtime,6
data_miner,runtime,6
gli,runtime,6
logworm_amqp,runtime,6
ey_stonith,runtime,6
watir,runtime,6
coderay,development,6
sane,runtime,6
active-fedora,runtime,6
responders,runtime,6
eventual,runtime,6
shattered_support,runtime,6
pony,runtime,6
nunit,runtime,6
bond,runtime,6
autotest,runtime,6
rjack-jetty,runtime,6
sinatra_more,runtime,6
redparse,runtime,6
relax,runtime,6
cucumber-rails,development,6
icalendar,runtime,6
progressbar,runtime,6
codefumes,runtime,6
maruku,development,6
rack-cache,runtime,6
logging,development,6
code-spec,runtime,5
errata,runtime,5
ruby-ole,runtime,5
jekyll,runtime,5
rubyzip2,runtime,5
shoulda,runtime,5
test-spec,runtime,5
cloudfiles,runtime,5
pango,runtime,5
crack,development,5
savon,runtime,5
nest,runtime,5
httparty,development,5
flexmock,development,5
whenever,runtime,5
devise-links,runtime,5
mg,development,5
unicode,runtime,5
after_commit,runtime,5
boxgrinder-build-rpm-based-os-plugin,runtime,5
mysql,development,5
twitter4r,runtime,5
sys-uname,runtime,5
ruby-yadis,runtime,5
rubigen,development,5
hanna,development,5
tinder,runtime,5
rails-app-installer,runtime,5
jferris-mocha,development,5
roo,runtime,5
rmail,runtime,5
virtuozzo,runtime,5
prawn-format,runtime,5
cssmin,runtime,5
cancan-rest-links,runtime,5
jruby-openssl,runtime,5
ruby-graphviz,runtime,5
simplecov,development,5
activeldap,runtime,5
cgi_multipart_eof_fix,runtime,5
POpen4,runtime,5
little-plugger,runtime,5
tap-test,development,5
net-http-persistent,runtime,5
visionmedia-commander,runtime,5
wikitext,runtime,5
mutter,runtime,5
described_routes,runtime,5
apricoteatsgorilla,runtime,5
machinist,runtime,5
mkrf,runtime,5
right_http_connection,runtime,5
reek,development,5
harmony,runtime,5
lockfile,runtime,5
factory_girl,runtime,5
text-format,runtime,5
crypt,runtime,5
dm-sqlite-adapter,development,5
metric_fu,development,5
dm-active_model,runtime,5
querybuilder,runtime,5
qtext,runtime,5
formtastic,development,5
starling,runtime,5
mongomapper,runtime,5
mailfactory,runtime,5
closure-compiler,runtime,5
yajl-ruby,development,5
termcolor,runtime,5
awesome_print,runtime,5
fakefs,development,5
maildiode,runtime,5
stemmer,runtime,5
andand,runtime,5
em-spec,development,5
mongodb-mongo,runtime,5
cgen,runtime,5
lazydoc,runtime,5
ontomde-core,runtime,5
geokit,runtime,5
rbgccxml,runtime,5
rubycas-client,runtime,5
simple_uuid,runtime,5
ontomde-uml2,runtime,5
meta_programming,runtime,5
big_band,runtime,5
jruby_streaming_update_solr_server,runtime,5
archive-tar-minitar,development,5
termios,runtime,5
ore,development,5
ruby-opengl,runtime,5
autobuild,runtime,5
rjack-logback,development,5
sdoc,development,5
narray,runtime,5
jsmin,runtime,5
net-ldap,runtime,5
xmlcodec,runtime,5
metaid,runtime,5
session,runtime,5
SystemTimer,runtime,5
atk,runtime,5
thin,development,5
beanstalk-client,runtime,5
color,runtime,5
rutema,runtime,5
qui-common-helpers,runtime,5
dhaka,runtime,5
multi_json,runtime,5
autocode,runtime,5
sprout-flashplayer-bundle,runtime,5
facebooker,runtime,5
jnunemaker-matchy,development,5
mojombo-grit,runtime,5
bitescript,runtime,5
active_record,development,5
sprockets,runtime,5
ronin-web,runtime,5
kynetx_am_api,runtime,5
rdf-isomorphic,runtime,5
atom-tools,runtime,4
rally_rest_api,runtime,4
ambition,runtime,4
slf4r,runtime,4
ronn,development,4
ci_reporter,development,4
slf4j,runtime,4
djsun-mongo_mapper,runtime,4
ronn,runtime,4
simple-navigation,runtime,4
rc-rest,runtime,4
malloc,runtime,4
SyslogLogger,runtime,4
moneta,runtime,4
taps,development,4
comp_tree,runtime,4
mustache,development,4
query_string_filter,runtime,4
ansi,runtime,4
meta_where,runtime,4
typhoeus,development,4
tap-server,runtime,4
escape_utils,runtime,4
merb-freezer,runtime,4
semantic_naming,runtime,4
syntax,development,4
puppet,runtime,4
ticketmaster,runtime,4
bio,runtime,4
yamltest,runtime,4
aasm,runtime,4
machinist,development,4
rtm-ontopia,runtime,4
falls_back_on,runtime,4
addressable,development,4
require,runtime,4
sprout-as3-bundle,runtime,4
spree_core,runtime,4
rush,runtime,4
rack-client,runtime,4
rhodes-framework,runtime,4
castle.dynamicproxy2,runtime,4
rubytree,runtime,4
rack-webmoney,runtime,4
systemu,runtime,4
ms-in_silico,runtime,4
vapir-common,runtime,4
bourne,development,4
resourceful,runtime,4
ezcrypto,runtime,4
rhodes-build,runtime,4
tlsmail,runtime,4
marc4j4r,runtime,4
VanaTime,runtime,4
sinatra-compass,runtime,4
gmailer,runtime,4
utilrb,runtime,4
geminstaller,runtime,4
restfully,runtime,4
chriseppstein-compass,runtime,4
simple_form,runtime,4
fuzzyhash,runtime,4
shattered_pack,runtime,4
rtm-tinytim,runtime,4
tem_multi_proxy,runtime,4
ruby_protobuf,runtime,4
sdbtools,runtime,4
boxgrinder-build-rhel-os-plugin,runtime,4
active_merchant,runtime,4
jeweler,runtime,4
hoptoad_notifier,runtime,4
guid,runtime,4
hoe-git,development,4
yamltest,development,4
monster_mash,runtime,4
roles_generic,runtime,4
live_console,runtime,4
trinidad_jars,runtime,4
solr-ruby,runtime,4
temple,runtime,4
dictionary,runtime,4
ci_reporter,runtime,4
rtm,runtime,4
voloko-sdoc,development,4
jeremymcanally-matchy,development,4
pivotal-tracker,runtime,4
dbi,runtime,4
gdata4ruby,runtime,4
rhodes-generator,runtime,4
mysql2,runtime,4
lighthouse-api,runtime,4
open4,development,4
liquid,development,4
eventmachine,development,4
sourcify,runtime,4
highline,development,4
xmpp4r-simple,runtime,4
term-ansicolor,development,4
erlectricity,runtime,4
test-spec,development,4
has_scope,runtime,4
ruby-prof,runtime,4
hitimes,runtime,4
rdf-raptor,runtime,4
rawr,runtime,4
httpclient,development,4
feed-normalizer,runtime,4
sass,runtime,4
flay,runtime,4
fcgi,runtime,4
migration_assist,runtime,4
boxgrinder-build,runtime,4
ruby-net-ldap,runtime,4
radius,runtime,4
ms-core,runtime,4
tidy,runtime,4
spidr,runtime,4
flickraw,runtime,4
active_wrapper,runtime,4
do_jdbc,runtime,4
calendar_date_select,runtime,4
paginator,runtime,4
jekyll,development,4
do_postgres,runtime,4
dm-more,runtime,4
rsence-deps,runtime,4
watchr,runtime,4
acts_as_reportable,runtime,4
sprout-flex4sdk-tool,runtime,4
zucker,runtime,4
sinatra-rdiscount,runtime,4
will_paginate,development,4
hoe-yard,development,4
dragonfly,runtime,4
thrift_client,runtime,4
r3_plugin_toolbox,runtime,4
exemplor,development,4
blankslate,runtime,4
rails-app-spec,runtime,4
ruby-growl,runtime,4
ramaze,development,4
fabulator-exhibit,runtime,4
daemonizer,runtime,4
thrift,runtime,4
sinatra-sinatra,runtime,4
configuration,development,4
madeleine,runtime,4
snmp,runtime,4
database_cleaner,runtime,4
feedtools,runtime,4
jquery-rails,runtime,4
rio,runtime,4
trinidad,runtime,4
sinatra-reloader,runtime,4
validatable,runtime,4
win32screenshot,runtime,4
protest,development,4
technicalpickles-jeweler,development,4
browsercms,runtime,4
pickle,runtime,4
rr,runtime,4
redcloth,runtime,4
zerg_support,runtime,4
distil,runtime,4
color-tools,runtime,4
options,runtime,4
jdbc-h2,runtime,4
core_ex,runtime,4
do_mysql,runtime,4
sequel_model,runtime,4
radiant-images-extension,runtime,4
compass,development,4
twitter-stream,runtime,4
dr_nic_magic_models,runtime,4
kwalify,runtime,4
jdbc-sqlite3,runtime,4
shattered_ogre,runtime,4
sax-machine,runtime,4
cairo,runtime,4
treetop,development,4
rakegen,runtime,4
mixlib-config,runtime,4
cassandra,runtime,4
s4t-utils,runtime,4
ffi-tk,runtime,4
callsite,runtime,4
capistrano-ext,runtime,4
patron,development,4
yahoo,runtime,4
rubylexer,runtime,4
savon,development,4
ccsv,runtime,4
isolate,development,4
erector,runtime,4
oyster,runtime,4
ohm,runtime,4
dfect,development,4
groonga,runtime,4
serialport,runtime,4
rmagick,development,4
lportal,runtime,4
pancake,runtime,4
algorithms,runtime,3
artifice,development,3
mongo,development,3
nio,runtime,3
acts_as_constant,runtime,3
rdp-win32screenshot,runtime,3
redhillonrails_core,runtime,3
faye,runtime,3
reportbuilder,runtime,3
fcoury-octopi,runtime,3
dummy,runtime,3
simplecov,runtime,3
svn-fixture,runtime,3
tenjin,development,3
svutil,runtime,3
coffee-script,runtime,3
smparkes-johnson,runtime,3
timecode,runtime,3
PriorityQueue,runtime,3
dslkit,runtime,3
capistrano,development,3
smoke,runtime,3
thoughtbot-shoulda,runtime,3
marcspec,runtime,3
rack-flash,runtime,3
slippers,development,3
rtaglib,runtime,3
file-spec,runtime,3
ruby-breakpoint,runtime,3
textpow,runtime,3
youtube-g,runtime,3
ruby-prof,development,3
attic,runtime,3
svg-graph,runtime,3
deprecated,runtime,3
compass-slickmap,runtime,3
tmail,development,3
irt,development,3
rap,runtime,3
reek,runtime,3
wirble,runtime,3
gurgitate-mail,runtime,3
carrierwave,runtime,3
rack-accept-media-types,runtime,3
any_view,runtime,3
ParseTree,development,3
perftools.rb,runtime,3
rack-datamapper,runtime,3
twitter,development,3
roodi,development,3
test-construct,development,3
boss,runtime,3
guilded,runtime,3
net-dns,runtime,3
ucb_ldap,runtime,3
text,runtime,3
assistance,runtime,3
yui-compressor,development,3
rubyexts,runtime,3
twitter_oauth,runtime,3
multi_xml,development,3
sishen-rtranslate,runtime,3
mack-orm_common,runtime,3
logworm,development,3
barby,runtime,3
ruby-stemmer,runtime,3
gravitext-util,runtime,3
miniunit,runtime,3
Selenium,runtime,3
bitly,runtime,3
ffi-rzmq,runtime,3
rest_client,runtime,3
Shoulda,development,3
background_process,runtime,3
object2module,runtime,3
couchrest_model,runtime,3
exvo-auth,runtime,3
scruffy,runtime,3
ptools,runtime,3
splat,runtime,3
git,development,3
octopi,runtime,3
qualitysmith_extensions,runtime,3
mwmitchell-rsolr,runtime,3
bard-rake,runtime,3
googlebase,runtime,3
faker,development,3
neo4jr-simple,runtime,3
string-mapper,runtime,3
freshbooks,runtime,3
visionmedia-terminal-table,runtime,3
radiant-forms-extension,runtime,3
rake-compiler,runtime,3
arcserver.rb,runtime,3
sys-admin,runtime,3
matchy,development,3
mongrel,development,3
ip,runtime,3
gom-script,runtime,3
tagz,development,3
baretest,development,3
radiant-taggable-extension,runtime,3
url_mount,runtime,3
nice-ffi,runtime,3
rubynode,runtime,3
xpcomcore-rubygem,runtime,3
github-markup,runtime,3
sys-proctable,runtime,3
macaddr,runtime,3
ghost,runtime,3
ptools,development,3
columnize,runtime,3
predicated,runtime,3
packr,runtime,3
file-tail,runtime,3
daemons,development,3
autotest-fsevent,development,3
persevere,runtime,3
dalli,runtime,3
dsl_accessor,runtime,3
declarative_authorization,runtime,3
async_sinatra,runtime,3
ruport-util,runtime,3
transaction-simple,runtime,3
tap-tasks,runtime,3
awesome_print,development,3
warden-github,runtime,3
anemone,runtime,3
sparql-client,runtime,3
sinatra-content-for,runtime,3
contextify,runtime,3
rack-plastic,runtime,3
cutest,development,3
inochi,runtime,3
construct,runtime,3
pixii,runtime,3
mongomatic,runtime,3
netaddr,runtime,3
slither,runtime,3
log4r,development,3
win32-file,runtime,3
mini_magick,development,3
jeremymcanally-context,development,3
oauth,development,3
isolate,runtime,3
sqlite3,runtime,3
multi_xml,runtime,3
datacatalog,runtime,3
buildr,runtime,3
dm-predefined,runtime,3
piston,runtime,3
subcommand,development,3
javan-whenever,runtime,3
common_name,runtime,3
simple-daemon,runtime,3
simplehttp,runtime,3
win32console,runtime,3
jsonschema,runtime,3
Rubilicious,runtime,3
localmemcache,development,3
trollop,development,3
>=,runtime,3
gccxml_gem,runtime,3
activerdf_net7,runtime,3
shindo,development,3
stackdeck,runtime,3
pg,development,3
reverse-require,runtime,3
couch_potato,runtime,3
ts-delayed-delta,runtime,3
vpim,runtime,3
jsmin,development,3
rgl,runtime,3
restr,runtime,3
eymiha,runtime,3
mcmire-context,development,3
libnotify,runtime,3
jeremymcanally-pending,development,3
flannel,runtime,3
jdbc-hsqldb,runtime,3
feedzirra,runtime,3
turn,development,3
rack_hoptoad,runtime,3
merb-ui,runtime,3
ultraviolet,runtime,3
artforge-rtranslate,runtime,3
rackspace-cloudfiles,runtime,3
notahat-machinist,runtime,3
fssm,runtime,3
ore-tasks,development,3
googlecharts,runtime,3
active_resource,runtime,3
faker,runtime,3
logging_assist,runtime,3
rtui,runtime,3
duration,runtime,3
omniauth,runtime,3
rack-useragent-filter,runtime,3
sxp,runtime,3
capistrano-helpers,runtime,3
progress,runtime,3
gemesis,development,3
ruby-debug-base19,runtime,3
rspec-action_view,development,3
formattedstring,runtime,3
logworm,runtime,3
diff-lcs,development,3
sequence,runtime,3
need,runtime,3
spec,development,3
bundler08,runtime,3
troelskn-handsoap,runtime,3
graticule,runtime,3
oauth2,development,3
ruby-activeldap,runtime,3
rainpress,runtime,3
Platform,runtime,3
kontrol,runtime,3
verbs,runtime,3
leftright,development,3
fast_timestamp,runtime,3
fortran,runtime,3
erector,development,3
weary,runtime,3
pbosetti-rubyosa,runtime,3
locomotive_carrierwave,runtime,3
ruby-debug19,development,3
haml-more,runtime,3
net-ssh-multi,runtime,3
rjack-logback,runtime,3
heroku,development,3
simple-templater,runtime,3
fast-stemmer,runtime,3
logback,development,3
rubypants,runtime,3
semver,runtime,3
elif,runtime,3
date_validator,runtime,3
sinatra-respond_to,runtime,3
eventmachine_httpserver,runtime,3
rubyntlm,runtime,3
wee,runtime,3
relevance-rcov,development,3
mixlib-log,runtime,3
ruby-json,runtime,3
show_for,runtime,3
ember,runtime,3
thoughtbot-factory_girl,development,3
gcal4ruby,runtime,3
sc-core-ext,runtime,3
devver-construct,development,3
mysqlplus,runtime,3
fast_timestamp,development,3
kgio,runtime,3
ey_recipes,runtime,3
phonology,runtime,3
supermodel,runtime,3
ean13,runtime,3
logrotate,runtime,3
MP4Info,runtime,3
htmlentities,development,3
spicycode-rcov,development,3
tap-ubiquity,runtime,3
angry_hash,runtime,3
premailer,runtime,3
servolux,runtime,3
rspec_hpricot_matchers,development,3
hashie,development,3
mixlib-cli,runtime,3
randexp,runtime,3
fancypath,runtime,3
sinatra-static-assets,runtime,3
differ,development,3
pdf-reader,runtime,3
jzip,runtime,3
splib,runtime,3
radiant-fabulator-extension,runtime,3
mixlib-authentication,runtime,3
rsl-stringex,runtime,3
dependencies,runtime,3
rvm,runtime,3
radiant-event_calendar-extension,runtime,3
extendmatrix,runtime,3
ruby-progressbar,runtime,3
repertoire,runtime,3
background_process,development,3
rich_pluralization,runtime,3
tap-gen,runtime,3
hirb,development,3
omega-tariffs-base,runtime,3
structured_warnings,runtime,3
datamapper4rails,runtime,3
sinatra-tests,development,3
more_unit_test,development,3
ezamar,development,3
minimization,runtime,3
timecop,runtime,3
factory_girl_rails,development,3
axml,runtime,3
gollum,runtime,3
s3sync,runtime,3
rspec_tag_matchers,development,3
downlow,runtime,3
ncurses,runtime,3
clip,runtime,3
heel,runtime,3
manifest,runtime,3
chars,runtime,3
wx_sugar,runtime,3
rb_prob,runtime,3
omega-tariffs-base,development,3
clickclient_scrap,runtime,3
pervasives,runtime,3
s3,runtime,3
resque-scheduler,runtime,3
marc,runtime,3
simpleconsole,runtime,3
rubysdl,runtime,3
async-rack,runtime,3
ya2yaml,runtime,3
configlet,runtime,3
mechanize,development,3
actionmailer,development,3
rubygame,runtime,3
eymiha_math,runtime,3
validates_decency_of,runtime,3
taf2-curb,runtime,3
nap,runtime,3
data_objects,development,3
webidl,development,3
thor,development,2
big_money,runtime,2
test_declarative,development,2
simple_nested_set,runtime,2
kelredd-useful,development,2
rubyosa,runtime,2
roodi,runtime,2
rbrainz,runtime,2
alias,runtime,2
mongo_rack,runtime,2
aws-sdb,runtime,2
rdf-rdfxml,development,2
dbf,runtime,2
selectable_attr,runtime,2
google-spreadsheet-ruby,runtime,2
wycats-thor,runtime,2
linkedin,runtime,2
simple_cov,runtime,2
minion,development,2
RubyInlineAcceleration,runtime,2
scheduler,runtime,2
zip,runtime,2
warp_drive,runtime,2
sinatra-reloader,development,2
throttler,development,2
rautomation,runtime,2
mcmire-mocha,development,2
darkfish-rdoc,runtime,2
clean-bitmask-attribute,runtime,2
Sutto-perennial,runtime,2
culerity,runtime,2
assit,runtime,2
radiant-reader-extension,runtime,2
detest,development,2
celerity,runtime,2
dirty-memoize,runtime,2
webmock,runtime,2
hoe-doofus,development,2
jira4r,runtime,2
cloudfiles,development,2
jscruggs-metric_fu,development,2
railsmachine,runtime,2
zerigo_dns,runtime,2
RubyToC,runtime,2
dm-postgres-adapter,runtime,2
parallel,runtime,2
xmlparser,runtime,2
mynyml-override,runtime,2
engineyard-serverside-adapter,runtime,2
statistics2,runtime,2
bind,runtime,2
symphony_imaging,runtime,2
ruby-audio,runtime,2
jnunemaker-crack,runtime,2
objective_command,runtime,2
gosu,development,2
symphony_ostoolbox,runtime,2
riff,runtime,2
pdfkit,runtime,2
hash_magic,runtime,2
simplecli,runtime,2
xmlstreamin,runtime,2
albacore,development,2
provisional,runtime,2
archipelago_rbtree,runtime,2
protest,runtime,2
gnuplot,runtime,2
rroonga,runtime,2
searchlogic,development,2
parseconfig,runtime,2
unidecoder,runtime,2
freighthopper,runtime,2
gettext,development,2
useragent,runtime,2
getopt,runtime,2
ht2p,runtime,2
sham_rack,development,2
therubyracer,development,2
do_sqlserver,runtime,2
alter-ego,runtime,2
starling-starling,runtime,2
ontomde-uml2-java,runtime,2
win32-ipc,runtime,2
win32-dir,runtime,2
thoughtbot-sortable_table,runtime,2
autotest-growl,development,2
unified_matchers,runtime,2
ontomde-uml2-jpa,runtime,2
tinder,development,2
ssl_requirement,runtime,2
stories,runtime,2
nudge,runtime,2
gemsonrails,runtime,2
rdp-require_all,runtime,2
wip-bootstrap,runtime,2
sixcore,runtime,2
spree_sample,runtime,2
sinatra-test-helper,runtime,2
rdp-arguments,runtime,2
aws_credentials,runtime,2
memcache,runtime,2
pagetypebuilder,runtime,2
muck-engine,runtime,2
ruleby,runtime,2
timeliness,runtime,2
smartfox,runtime,2
extlib,development,2
xml-mapping,runtime,2
rack-contrib,runtime,2
mlb,runtime,2
ruby-terminfo,runtime,2
arrayclass,runtime,2
ruby_extensions,runtime,2
contacts,runtime,2
bones-rspec,development,2
errata,development,2
spree_auth,runtime,2
strophe_ruby,runtime,2
xmpp4r,development,2
fsevents,runtime,2
rb_delimcc,runtime,2
cells,runtime,2
functor,runtime,2
capistrano_colors,runtime,2
capazon,runtime,2
redisk,runtime,2
scrapi,runtime,2
em-dir-watcher,runtime,2
classifier,runtime,2
KirbyBase,runtime,2
imap_processor,runtime,2
constructor,runtime,2
rocco,development,2
xamplr-pp,runtime,2
rforce,runtime,2
ghazel-POpen4,runtime,2
libertine,development,2
encryptor,runtime,2
typedown,runtime,2
e4u,development,2
OptionParser,runtime,2
rack-strip-www,runtime,2
mime,runtime,2
truncate_html,runtime,2
activerecord-oracle_enhanced-adapter,development,2
compass-960-plugin,development,2
workflow,runtime,2
fog,development,2
fluxx_engine,runtime,2
typhoeus_spec_cache,development,2
shattered_controller,runtime,2
parseline,runtime,2
rtf,runtime,2
rdf-trix,runtime,2
sinatra-more-server,runtime,2
bcrypt-ruby,development,2
chronic_duration,runtime,2
http_parser,runtime,2
override,development,2
nhibernate,runtime,2
core-source,runtime,2
smusher,runtime,2
media-path,runtime,2
rubygems,runtime,2
net-irc,runtime,2
bloomfilter,runtime,2
cobravsmongoose,runtime,2
treebis,runtime,2
ruby-units,runtime,2
citrusbyte-contest,development,2
rufus-treechecker,runtime,2
sishen-rtranslate,development,2
perftools.rb,development,2
flog,development,2
ripxplore,runtime,2
sparklines,runtime,2
simonmenke-ec,runtime,2
shattered_view,runtime,2
ivy4r-jars,runtime,2
ruby-hmac,development,2
bugzscout,runtime,2
snapshot,development,2
RubyInline,development,2
ontomde-uml2-jpdl,runtime,2
command-set,runtime,2
ruby-station-runtime,runtime,2
eymiha_util,runtime,2
simple_oauth,runtime,2
midiator,runtime,2
athena,runtime,2
human_hash,runtime,2
elliottcable-echoe,development,2
commandline,runtime,2
packable,runtime,2
localmemcache,runtime,2
skinny,runtime,2
libxml,development,2
dupe,runtime,2
simple_table,runtime,2
rong-server,runtime,2
zmq,runtime,2
shattered_model,runtime,2
rails3-generators,runtime,2
json_mapper,runtime,2
acts_as_indexed,runtime,2
ramdiv-mongo_mapper_acts_as_tree,runtime,2
yob-roxml,runtime,2
AdoccaMemcache,runtime,2
codebase,runtime,2
Linguistics,runtime,2
wxruby2-preview,runtime,2
action_mailer,runtime,2
wycats-moneta,runtime,2
digest-m4p,runtime,2
hashdot-test-daemon,development,2
nxa-sunspot,runtime,2
SimpleTrace,runtime,2
batch,runtime,2
mcmire-protest,development,2
webget_ruby_html,runtime,2
simple-templater,development,2
constants,runtime,2
gchartrb,runtime,2
things-client,runtime,2
fail-fast,runtime,2
text-reform,runtime,2
mogli,runtime,2
spk-anemone,runtime,2
metric_fu,runtime,2
wukong,runtime,2
haml-edge,runtime,2
mimemagic,runtime,2
do_oracle,runtime,2
wurfl,runtime,2
weighted_average,runtime,2
pathname2,runtime,2
ezmobius-redis-rb,runtime,2
sexp_path,runtime,2
igrigorik-em-http-request,runtime,2
fbgraph,runtime,2
narf,runtime,2
shared-mime-info,runtime,2
fleakr,runtime,2
authlogic,development,2
oauth-plugin,runtime,2
jsonschema,development,2
capybara-envjs,runtime,2
deplate,runtime,2
active_link_to,runtime,2
rack-contrib,development,2
mhennemeyer-matchy,development,2
not-naughty,runtime,2
acts_as_wrapped_class,runtime,2
eimxml,runtime,2
sdsykes-fastimage,runtime,2
zafu,runtime,2
pauldix-typhoeus,runtime,2
signet,runtime,2
facade,runtime,2
ffi,development,2
gestalt,runtime,2
spork,runtime,2
peach,runtime,2
ontomde-java-frontend,runtime,2
jrails,runtime,2
flacinfo-rb,runtime,2
yogo-support,runtime,2
link_header,runtime,2
superfeedr-nokogiri,runtime,2
tu-context,development,2
oauth2-core,runtime,2
brianmario-yajl-ruby,runtime,2
churn,runtime,2
daemon_controller,runtime,2
ruby-ogginfo,runtime,2
property,runtime,2
archipelago,runtime,2
deep_merge,runtime,2
wrong,development,2
frequency,runtime,2
flashsdk,runtime,2
god,runtime,2
custom_fields,runtime,2
remote_table-ruby19,runtime,2
scandb,runtime,2
inherited_resources_helpers,runtime,2
relevant-widget,runtime,2
ejs-rcompiler,runtime,2
methlab,runtime,2
RMagick,runtime,2
tap-http,runtime,2
mkmfmf,runtime,2
mixology,runtime,2
raspell,runtime,2
ini,runtime,2
carrierwave-rails3,runtime,2
restfulie,runtime,2
relevance-rcov,runtime,2
rails_analyzer_tools,runtime,2
autotest-growl,runtime,2
ripple,runtime,2
dcov,development,2
cplus2ruby,runtime,2
actionview,development,2
ruby-ajp,runtime,2
camping,development,2
gom-core,runtime,2
hoe-seattlerb,development,2
broach,runtime,2
filebase,runtime,2
Remarkably,development,2
solrizer,runtime,2
action_controller,development,2
logback-simple,runtime,2
attachments,runtime,2
lazytest,runtime,2
rb-pygments,runtime,2
nlog,runtime,2
symphony_core,runtime,2
fakefs,runtime,2
mosquito,runtime,2
ripper2ruby,runtime,2
minion,runtime,2
aaronh-chronic,runtime,2
vimeo,runtime,2
ruby-debug-base,development,2
blather,runtime,2
albino,runtime,2
radiant-layouts-extension,runtime,2
zipruby,runtime,2
object_proxy,runtime,2
Text,runtime,2
sdoc,runtime,2
sleepy,runtime,2
feedtools,development,2
acts_as_audited,runtime,2
fastimage,runtime,2
superfeedr-sax-machine,runtime,2
ri_cal,runtime,2
jammit-core,runtime,2
unidecode,runtime,2
jim,runtime,2
rote,runtime,2
bacon,runtime,2
ripl,runtime,2
ratom,runtime,2
jnunemaker-happymapper,runtime,2
dm-ar-finders,runtime,2
xmvc,runtime,2
openssl-nonblock,runtime,2
nanotest,development,2
directory_watcher,development,2
jruby-abridged,runtime,2
selenium_remote_control,runtime,2
pho,runtime,2
rtex,runtime,2
fastercsv,development,2
zippy,runtime,2
dm-sweatshop,development,2
radiant-scoped-extension,runtime,2
remote_table,development,2
jabber4r,runtime,2
rack-client,development,2
dm-tags,runtime,2
wirble,development,2
tmm1-amqp,runtime,2
ms-fasta,runtime,2
htmltools,runtime,2
system_timer,runtime,2
stompserver,runtime,2
sinatra-config-file,runtime,2
pickle,development,2
webget_ruby_ramp,runtime,2
clearance,runtime,2
tap-mechanize,runtime,2
iobuffer,runtime,2
assert2,runtime,2
summary_judgement,runtime,2
em-jack,runtime,2
executioner,runtime,2
rid-core,runtime,2
polyglot,development,2
redgreen,runtime,2
abstract,runtime,2
datamapper,development,2
bdb,runtime,2
facets_more,runtime,2
yaml_waml,runtime,2
zoom,runtime,2
notahat-machinist,development,2
amatch,development,2
karl-growl,runtime,2
to_json_fix,runtime,2
isaac,runtime,2
biodiversity,runtime,2
osc-ruby,runtime,2
mm-devise,runtime,2
ms-testdata,development,2
simple_memoize,runtime,2
mutter,development,2
parka,development,2
racc,development,2
filetesthelper,development,2
resque,development,2
daemon-kit,runtime,2
jdbc-jtds,runtime,2
maildir,runtime,2
rd_searchlogic,runtime,2
dirge,runtime,2
isbn10,runtime,2
rep.jquery,runtime,2
rhino.mocks,runtime,2
spree_dash,runtime,2
adamwiggins-rest-client,runtime,2
utf8proc,runtime,2
ghazel-closure-compiler,runtime,2
matthuhiggins-foreigner,runtime,2
tinyatom,runtime,2
cucumber-rails,runtime,2
fiveruns_tuneup_core,runtime,2
sinatra-tags,runtime,2
jspec,runtime,2
ffaker,development,2
gem_loader,runtime,2
rubyscriptwriter,runtime,2
tumbler,development,2
ruby-plsql,runtime,2
rhcp,runtime,2
colorize,runtime,2
tap-test,runtime,2
meow,runtime,2
miso,runtime,2
clbustos-rtf,runtime,2
settingslogic,runtime,2
mumboe-soap4r,runtime,2
ryanb-acts-as-list,runtime,2
w3c_validators,runtime,2
acts-as-taggable-on,runtime,2
annals,runtime,2
temping,development,2
hooks,runtime,2
feed_me,runtime,2
locale,development,2
subexec,runtime,2
midilib,runtime,2
yamler,runtime,2
prowl,runtime,2
tweetstream,runtime,2
activerecord-sqlserver-adapter,runtime,2
flay,development,2
benhoskings-ambitious-activerecord,runtime,2
threadlimiter,runtime,2
jasmine,runtime,2
net-ssh,development,2
robot_rules,runtime,2
hookr,runtime,2
inifile,runtime,2
configuration,runtime,2
robots,runtime,2
jaws,runtime,2
httpadapter,runtime,2
rubyist-aasm,runtime,2
heckle,development,2
tkar,runtime,2
jammit,runtime,2
resque-meta,runtime,2
table_fu,runtime,2
ultraviolet,development,2
image_science,runtime,2
parsley-store,runtime,2
gilenson,runtime,2
markaby,development,2
libnotify,development,2
repertoire-assets,runtime,2
relative,runtime,2
sinatra-namespace,runtime,2
rdf-json,runtime,2
kronos,runtime,2
spree_api,runtime,2
email_spec,development,2
hamster,runtime,2
riak-client,development,2
text-hyphen,runtime,2
sinatra-r18n,runtime,2
cassandra,development,2
gene_pool,runtime,2
xx,runtime,2
carrot,runtime,2
youtuber,runtime,2
bzip2-ruby,runtime,2
vestal_versions,runtime,2
aurita-gui,runtime,2
clogger,runtime,2
case,runtime,2
rspec_outlines,development,2
ruby-aes-normal,runtime,2
rspec_hpricot_matchers,runtime,2
simplecov-html,runtime,2
deepopenstruct,runtime,2
filters_spam,runtime,2
mongoid_embedded_helper,runtime,2
multiple_connection_handler,runtime,2
git-hub,runtime,2
simple-rss,development,2
derickbailey-notamock,development,2
octopussy,runtime,2
rash,runtime,2
molecules,runtime,2
enumerate_by,runtime,2
acts_as_fu,development,2
FasterCSV,runtime,2
aws-s3,development,2
bindata,runtime,2
ontomde-uml2-struts,runtime,2
subcommand,runtime,2
i18n,development,2
mspec,development,2
babosa,runtime,2
reststop,runtime,2
GData,runtime,2
mongoid_acts_as_tree,runtime,2
contest,runtime,2
getopt-declare,runtime,2
compass-susy-plugin,runtime,2
rdf-xml,runtime,2
popen4,runtime,2
restfulite,runtime,2
portablecontacts,runtime,2
tiny_mce,runtime,2
restclient,runtime,2
gem_patching,runtime,2
yard-sinatra,runtime,2
hoshi,runtime,2
ontomde-uml2-kb,runtime,2
facets,development,2
ActionPool,runtime,2
rb-threadframe,runtime,2
atd-ancestry,runtime,2
validation_reflection-active_model,runtime,2
text-highlight,runtime,2
proj4rb,runtime,2
watch,runtime,2
boned,runtime,2
ffi_dry,runtime,2
git_remote_branch,runtime,2
xdg,runtime,2
em-synchrony,runtime,2
zedkit,runtime,2
reg,runtime,2
portmidi,runtime,2
fd-bertrpc,runtime,2
shairontoledo-popen4,runtime,2
markauskas-googlebase,runtime,2
facon,development,2
extjs,runtime,2
ontomde-uml2-flex,runtime,2
ingamer_rhc,runtime,2
ingamer_raws,runtime,2
ryanwood-slither,runtime,2
flt,runtime,2
openwferu-scheduler,runtime,2
cache_version,runtime,2
gather,runtime,2
clio,runtime,2
nagoro,development,2
vi_api_lib,runtime,2
Saikuro,runtime,2
mislav-hanna,development,2
mattscilipoti-rdialog,runtime,2
activerecord-tableless,runtime,2
makers-mark,runtime,2
nanoc,runtime,2
yard-sinatra,development,2
rubygems-update,runtime,2
pending,development,2
BlueCloth,development,2
smtp_tls,runtime,2
bee,runtime,2
justinfrench-formtastic,runtime,2
m9t,runtime,2
oneliner,runtime,2
fastri,runtime,2
spira,runtime,2
linkeddata,runtime,2
dnsruby,runtime,2
ontomde-uml2-ejb2,runtime,2
kung_figure,runtime,2
tilt,development,2
kematzy-tasks,runtime,2
rbtree,runtime,2
yore,runtime,2
ruby-echonest,runtime,2
jnunemaker-httparty,runtime,2
validates_as_email_address,runtime,2
stomp,runtime,2
pony,development,2
smail,runtime,2
eigenclass,runtime,2
ruby-serialport,runtime,2
locator,runtime,2
warbler,runtime,2
ar_mailer,runtime,2
rufus-mnemo,runtime,2
net_dav,runtime,2
sdoc-helpers,development,2
warden-googleapps,runtime,2
routing-filter,runtime,2
simply_stored,runtime,2
emk-sinatra-url-for,runtime,2
oniguruma,runtime,2
email_spec,runtime,2
faster_require,runtime,2
rb-inotify,runtime,2
overlord,runtime,2
foreigner,runtime,2
relief,runtime,2
rest-open-uri,runtime,2
nano,runtime,2
scrobbler,runtime,2
mime-types,development,2
heroku_san,runtime,2
rack-abstract-format,runtime,2
loose_tight_dictionary,development,2
rdf-ruby19,development,2
api_cache,runtime,2
micronaut,development,2
compass-colors,runtime,2
slave,runtime,2
xml-magic,runtime,2
merb_helpers,runtime,2
gd2,runtime,2
deferrable,runtime,2
thoughtbot-paperclip,runtime,2
sane,development,2
sbiclient,runtime,2
multi_json,development,2
content_scrapper,runtime,2
georgi-rack_dav,runtime,2
rsolr-ext,runtime,2
coffee-script,development,2
leshill-will_paginate,runtime,2
jspec,development,2
rexical,development,2
ruby-oci8,runtime,2
html5,runtime,2
grancher,development,2
rufus-scheduler,development,2
dm-rails,runtime,2
net-ftp-list,runtime,2
libxslt-ruby,runtime,2
rubysspi,runtime,2
symphony_infrastructure,runtime,2
logmerge,runtime,2
openid_dm_store,runtime,2
acts_as_list,runtime,2
version_string,runtime,2
units,runtime,2
facets_core,runtime,2
rufus-verbs,runtime,2
mmap,runtime,2
cellular_map,runtime,2
RocketAMF,runtime,2
net-toc,runtime,2
jasmine,development,2
mega,runtime,2
webgen,development,2
Ruby-IRC,runtime,2
chardet,runtime,2
jlogger,runtime,2
eeml-simple,runtime,2
gscraper,runtime,2
gelf,runtime,2
ontomde-uml2-apaCom,runtime,2
dm-timestamps,development,2
float-formats,runtime,2
jdbc-mysql,runtime,2
ginger,development,2
rack-accept,runtime,2
acts_as_tree,runtime,2
version,development,2
shorturl,runtime,2
lafcadio,runtime,2
applix,runtime,2
orange-core,runtime,2
unicode_utils,runtime,2
symphony_agent,runtime,2
adamh-glob_fu,runtime,2
vienna,development,2
couchrest,development,2
warp-thinking-sphinx,runtime,2
rest_client,development,2
appengine-rack,development,2
auto_tagger,runtime,2
expectations,development,2
clipboard,runtime,2
meta_search,runtime,2
colorer,runtime,2
character-encodings,runtime,2
ontomde-uml2-kbjava,runtime,2
wsoc,development,2
user-choices,runtime,2
outoftime-sunspot,runtime,2
chipmunk,runtime,2
dokkit,runtime,2
parseexcel,runtime,2
amatch,runtime,2
net-ping,runtime,2
actionpool,runtime,2
fixed_width,runtime,2
mark_facets,runtime,2
dm-cutie,runtime,2
spec-more,development,2
stupid_formatter,runtime,2
loggable,runtime,2
taglob,runtime,2
characterizable,development,2
cooloptions,runtime,2
win,runtime,2
dropbox,runtime,2
shoe,development,2
sixarma,runtime,2
roauth,runtime,2
ick,runtime,2
fast_gettext,runtime,2
win32-file-stat,runtime,2
secret_key,runtime,1
rubystats,runtime,1
collectiveidea-awesome_nested_set,runtime,1
sizes,runtime,1
jbasdf-feedbag,runtime,1
newscrapi,runtime,1
nhibernate3,runtime,1
rocket-js,runtime,1
vienna,runtime,1
spreadsheet,development,1
uscommerce,runtime,1
mocha-on-bacon,development,1
sinatra-mongoid,runtime,1
vlad,development,1
muck-shares,runtime,1
diff_dirs,runtime,1
bellmyer-hydra,development,1
wrong,runtime,1
rack-linkeddata,runtime,1
agnostic-will_paginate,runtime,1
>= 1.2.1,runtime,1
configtoolkit,runtime,1
objectify-xml,runtime,1
runt,runtime,1
pyu-ruby-sasl,runtime,1
winton-active_wrapper,runtime,1
reverserequire,runtime,1
googlecalendar,runtime,1
qed,development,1
rsinger-curies,runtime,1
date,development,1
git-style-binaries,runtime,1
ruby-growl,development,1
activerecord_authorails,runtime,1
method_extensions,runtime,1
information_card,runtime,1
widget_wrapper,runtime,1
mash >= 0.0.2,runtime,1
strokedb,runtime,1
responders_backport,runtime,1
kent-rpx_now,runtime,1
diff,runtime,1
robustthread,runtime,1
rufus-lru,runtime,1
amp-core,runtime,1
creator,runtime,1
guilleiguaran-rubyntlm,runtime,1
dk-bdb,runtime,1
reactive,runtime,1
memcache_client,runtime,1
property,development,1
paper_trail,runtime,1
faster_xml_simple,runtime,1
bit-struct,runtime,1
capcode-render-xml,runtime,1
mynyml-rack-respond_to,runtime,1
dm-mysql-adapter,runtime,1
realweb,development,1
warren,runtime,1
ruby_ext,runtime,1
rogue_parser,runtime,1
user-choices,development,1
holygrail,runtime,1
symboltable,runtime,1
rep.ajax.toolkit,runtime,1
ruby-process-controller,runtime,1
rscript,runtime,1
rinterceptor,runtime,1
lexidecimal,runtime,1
qui-toolbar,runtime,1
code-spec,development,1
third_base,runtime,1
unfuddler,runtime,1
fancy-buttons,runtime,1
racksh,runtime,1
expectations,runtime,1
oai_talia,runtime,1
gem-man,development,1
yogo-project,runtime,1
noodall-core,runtime,1
nofxx-georuby,runtime,1
rack-gem-assets,runtime,1
barista,runtime,1
rango,runtime,1
yogo-datamapper,runtime,1
monkey,runtime,1
redis-store,runtime,1
spox-plist,runtime,1
multibyte,runtime,1
gratr,runtime,1
hutch-xamplr-pp,runtime,1
ontomde-plugin-rsm6,runtime,1
fluid,runtime,1
elif,development,1
os,development,1
metamri,runtime,1
cinderella,runtime,1
riffraff_jsonpath,runtime,1
activerecord-jdbc-adapter,development,1
amp-front,runtime,1
pelle-ruby-openid,runtime,1
ogre.rb,runtime,1
sake,runtime,1
nestor,runtime,1
ruby-yui,runtime,1
jls-grok,runtime,1
gherkin,development,1
gbarcode,runtime,1
tanning_bed_solr,development,1
wait_pid,runtime,1
backtracer,development,1
deep_merge,development,1
rid,runtime,1
djberg96-krb5-auth,runtime,1
es-mx-locale,runtime,1
rack-router,runtime,1
rubygems,development,1
object_struct,runtime,1
campaigning,development,1
serenity,runtime,1
rails-dbi,runtime,1
babelfish,development,1
resque-scheduler,development,1
yamlrc,runtime,1
rack-config,runtime,1
npd-activerecord-jdbc-adapter,runtime,1
polyrex-objects,runtime,1
hanna,runtime,1
gstore,development,1
jretlang,runtime,1
rdf-isomorphic,development,1
socket_sendfile,runtime,1
redirect_follower,runtime,1
DRbServe,runtime,1
thor-ext,development,1
injour,development,1
action_view,runtime,1
kwartz,runtime,1
configliere,runtime,1
ruby-debug-wrapper,development,1
htmldoc,runtime,1
railties,development,1
rack_fast_escape,runtime,1
ruby_tubesday,runtime,1
media-path,development,1
jeremymcanally-pending,runtime,1
dnclabs-auth-hmac,runtime,1
mspire,runtime,1
rdfobjects-changeset,runtime,1
glapp,runtime,1
rmobio,runtime,1
ruby-debug19,runtime,1
irbtools,runtime,1
devver-Saikuro,runtime,1
has_many_polymorphs,runtime,1
action_controller,runtime,1
WaveSwissKnife,runtime,1
stick,runtime,1
ghazel-daemons,runtime,1
shattered_ogrerb,runtime,1
jakewendt-rails_helpers,runtime,1
babelfish,runtime,1
rid-push,runtime,1
open_gem,runtime,1
teejayvanslyke-gazer,runtime,1
concrete,runtime,1
zaml,runtime,1
memcached,development,1
citrusbyte-contest,runtime,1
after,development,1
stream,runtime,1
sqlite-ruby,development,1
validate_email,runtime,1
realityforge-jekyll,runtime,1
wavefile,runtime,1
string_masker,development,1
couchrest_extended_document,runtime,1
UPnP-ConnectionManager,runtime,1
webget_commander,runtime,1
jk-ferret,runtime,1
rakefile,development,1
camping>=1.5.180,runtime,1
Ascii85,runtime,1
colored,development,1
rpam,runtime,1
knut_tools,runtime,1
crypt-tea,runtime,1
sqlite3,development,1
hash_struct,development,1
gimite-google-spreadsheet-ruby,runtime,1
mathml,runtime,1
rbook-isbn,runtime,1
dbd-odbc,runtime,1
silence_log_tailer,runtime,1
arika-ruby-termios,runtime,1
sunshowers,runtime,1
activesalesforce,runtime,1
rjb,development,1
edi4r-tdid,runtime,1
hassle,runtime,1
letter_letdown,runtime,1
gongren,runtime,1
mikowitz-color,runtime,1
win32ole-pp,runtime,1
opengl,runtime,1
atom,runtime,1
ragaskar-jsdoc_helper,development,1
winton-secret_key,runtime,1
bendiken-rakefile,development,1
vstudioide,runtime,1
stringvalidator,runtime,1
krb5-auth,runtime,1
ffi_ez,runtime,1
oauth-rsolr,runtime,1
thoughtbot-factory_girl,runtime,1
babelphish,development,1
sys-host,runtime,1
pauldix-feedzirra,runtime,1
capcode-render-less,runtime,1
ingoweiss_generators,development,1
fakefs-require,development,1
terminator,runtime,1
flvtool2,runtime,1
utf8cleaner,runtime,1
epistle-manager,runtime,1
cldwalker-hirb,runtime,1
action_annotation,runtime,1
projectinfo,runtime,1
"[""shoulda"", ""rake""]",development,1
icehouse-right_aws,runtime,1
active_record_connectionless,development,1
termios,development,1
activerecord_execute_raw,runtime,1
moretea-awesome_nested_set,runtime,1
ordered_set,runtime,1
brightbox-warren,runtime,1
sinatra-mapping,runtime,1
rockit,runtime,1
configurer,runtime,1
ymdp_generator,development,1
tidy_ffi,runtime,1
json-net,runtime,1
mini_exiftool,runtime,1
hwia,runtime,1
rdf-sparql,runtime,1
memoize,runtime,1
algorithm-diff,runtime,1
polyrex-object-methods,runtime,1
rack-cache-tags,runtime,1
capcode-render-erb,runtime,1
sequel_notnaughty,runtime,1
mail-ja,runtime,1
guff,runtime,1
netrecorder,development,1
meta,runtime,1
capcode-base-activerecord,runtime,1
tumblr-rb,development,1
semantictext,runtime,1
yaestraier,runtime,1
growlnotifier,runtime,1
evri_rpx,runtime,1
hoe-debugging,development,1
fusefs,runtime,1
qusion,runtime,1
queue_to_the_future,runtime,1
redaranj-right_aws,runtime,1
auto-question,runtime,1
vidibus-validate_uri,runtime,1
mattetti-couchrest,runtime,1
dm-aggregations,runtime,1
whichr,runtime,1
canable,runtime,1
freelancer,runtime,1
git-topic,runtime,1
muck-users,development,1
array_pair,runtime,1
ktheory-fakefs,development,1
open-uri,runtime,1
shin-faraday,runtime,1
antlr-net,runtime,1
profligacy,runtime,1
pusher,development,1
dj2-jack,runtime,1
ninja,runtime,1
valid-date,runtime,1
visionmedia-growl,runtime,1
wbzyl-rack-codehighlighter,runtime,1
rbx-require-relative,runtime,1
why-hpricot,runtime,1
edamame,runtime,1
tryouts,development,1
ez_chaff,runtime,1
"[""plist"", "">= 3.1.0""]",runtime,1
eventful,runtime,1
stats_combiner,runtime,1
mysql2,development,1
rdbi,runtime,1
session,development,1
santey_view,runtime,1
cobra,runtime,1
progressions-g,development,1
cijoe,development,1
openuri_memcached,runtime,1
jeremymcanally-stump,development,1
io-like,runtime,1
jsl-http_headers,runtime,1
stomp_message,runtime,1
hobo,runtime,1
mp4info,runtime,1
agnostic,runtime,1
prowly,development,1
halorgium-activesupport,runtime,1
ruby-web,runtime,1
rails3_plugin_toolbox,runtime,1
crusher-eventmachine,runtime,1
parseexel,runtime,1
xunitnet,runtime,1
highlight,runtime,1
fixjour,development,1
airake,runtime,1
twiliolib,runtime,1
msg-flukso-localinterface,runtime,1
stackdeck,development,1
winton-fetcher,runtime,1
bones-zentest,runtime,1
rflickr,runtime,1
muck-profiles,runtime,1
spect,runtime,1
rightscaler,development,1
rufus-eval,runtime,1
rev,development,1
paste,runtime,1
testunitxml,development,1
ebuilder,runtime,1
pakada,runtime,1
ivy4r,runtime,1
methodphitamine,runtime,1
tokyotyrant,runtime,1
averell23-bj,runtime,1
koi-reference-compiler,runtime,1
rspec-apigen,development,1
rjack-jdom,runtime,1
racc,runtime,1
ar_query,runtime,1
rack-cache-purge,runtime,1
rb232,runtime,1
dbd-mysql,runtime,1
freelancing-god-thinking-sphinx,runtime,1
bjj,runtime,1
geographer,runtime,1
rcommand,runtime,1
aleksi-gelf,runtime,1
koi-vm,runtime,1
ruby-wmi,runtime,1
pyu-savon,runtime,1
attribute_normalizer,development,1
wand,runtime,1
waz-storage,runtime,1
tenderlove-mechanize,runtime,1
do-jdbc_sqlserver,runtime,1
table_setter,runtime,1
capcode-base-sequel,runtime,1
carats,runtime,1
cmd,runtime,1
right_aws,development,1
staticmatic,runtime,1
stream-0.5,runtime,1
capcode-base-mongoid,runtime,1
mojombo-chronic,development,1
more_unit_test,runtime,1
unicorn_horn,runtime,1
remarkable,development,1
machinist_mongomapper,development,1
win32-clipboard,runtime,1
plugin,runtime,1
rgithook,runtime,1
rspactor,runtime,1
erb,runtime,1
repl,runtime,1
pow,development,1
bz2,runtime,1
sinatra-flash,runtime,1
libxml-ruby-r19mingw,runtime,1
shield,runtime,1
sup,development,1
json-stream,runtime,1
schleyfox-ruby_kml,runtime,1
ezmobius-redis,runtime,1
dm-mysql-adapter,development,1
validation_reflection,development,1
mynyml-rack-accept-media-types,runtime,1
webget_ramp,runtime,1
mongodb-mongo_ext,runtime,1
radiant-drag-extension,runtime,1
dike,development,1
mynyml-redgreen,development,1
hash-access,runtime,1
firefox,runtime,1
webgen,runtime,1
capcode-base-couch_foo,runtime,1
davclient,runtime,1
OptionParser,development,1
webget_ruby_secure_random,runtime,1
dm-is-list,runtime,1
event_machine,development,1
unity,runtime,1
rockstar,runtime,1
Chronic,runtime,1
desert,runtime,1
neo4jr-simple,development,1
timer,runtime,1
slim,runtime,1
merb-core,development,1
console_editor,runtime,1
gcalapi,runtime,1
youthtree-js,runtime,1
pluginfactory,runtime,1
sonic_death_monkey,runtime,1
youpy-ruby-echonest,runtime,1
ruby-mpfr,runtime,1
mutagem,runtime,1
expect,runtime,1
pkg-config,development,1
elevation_event_calendar,runtime,1
FakeWeb,development,1
chrislloyd-fancypath,runtime,1
acts_as_audited_rails3,runtime,1
activequeue,runtime,1
rfeedfinder,runtime,1
prototype,runtime,1
iso_country_codes,runtime,1
paginate,development,1
rack-rescue,runtime,1
bouncy-castle-java,runtime,1
spec/more,development,1
dummy_urls,runtime,1
bone,runtime,1
ohm-contrib,development,1
load-me,development,1
vidibus-secure,runtime,1
xpath,runtime,1
commondream-google-spreadsheet-ruby,runtime,1
dynamic_form,runtime,1
test-unit-notify,runtime,1
ruby_archive,runtime,1
pakada0-dispatch,runtime,1
serve,runtime,1
ruby2c,runtime,1
ontomde-demo-bpm,runtime,1
rturk,development,1
compass-960-plugin,runtime,1
statemachine,runtime,1
lazytools,runtime,1
runarray,runtime,1
timely,runtime,1
notifo,runtime,1
vidibus-core_extensions,runtime,1
create-rails-dev-db,runtime,1
rcodetools,runtime,1
dressmaker,runtime,1
rgd2-ffij,development,1
hydra,runtime,1
globalog,runtime,1
texplay,runtime,1
acts_as_mongo_taggable,runtime,1
scissor,runtime,1
ontomde-demos,runtime,1
engineyard-eycap,runtime,1
data_miner-ruby19,runtime,1
capcode-render-webdav,runtime,1
fancy_irb,runtime,1
bkerley-affine,runtime,1
bluepill,runtime,1
rong-elements,runtime,1
colors,runtime,1
rext,runtime,1
hoe-gemcutter,development,1
resque_unit,development,1
composite_primary_keys,runtime,1
acts_as_tree,development,1
rubycas-client,development,1
pluginaweek-state_machine,runtime,1
knut_tools,development,1
rubyrdf,runtime,1
honkster-erector,runtime,1
optionize,runtime,1
bioruby,runtime,1
excon,development,1
iniparse,runtime,1
rjack-httpclient-3,runtime,1
minimal,runtime,1
upc,runtime,1
renfield,runtime,1
unageanu-clickclient_scrap,runtime,1
devise_openid_authenticatable,runtime,1
box,development,1
crowd-stefanwille,runtime,1
acts_as_solr_reloaded,runtime,1
epistle-monger,runtime,1
twss,runtime,1
polyrex-schema,runtime,1
progressions-g,runtime,1
koi-reference-parser,runtime,1
postmark,runtime,1
FaceToFace,runtime,1
rack-facebook,runtime,1
termtter,runtime,1
ruby-ftd2xx,runtime,1
couch_surfer,runtime,1
bcms_support,development,1
rbook-bisac,runtime,1
boson,runtime,1
php-serialize,runtime,1
ensign_erratic,runtime,1
rconfig,runtime,1
rufus-rtm,runtime,1
peterwald-git,runtime,1
getoptions,runtime,1
dbd-adonet,runtime,1
hoopla-savon,runtime,1
rack-sprockets,runtime,1
date_time-duration,runtime,1
subtle-dynamic_icon,runtime,1
business_time,runtime,1
jruby-hazelcast,runtime,1
maca-fork-csspool,runtime,1
event_hook,runtime,1
hbase-thrift,runtime,1
currencies,runtime,1
numerizer,runtime,1
rack-rewrite,runtime,1
batch,development,1
emitter-ruby19,runtime,1
restfulx,runtime,1
genspec,development,1
scotttam-resque,runtime,1
rake-hooks,runtime,1
"[""nokogiri"", ""dm-core"", ""dm-types"", ""dm-validations""]",development,1
mailtrap,development,1
bloopsaphone,runtime,1
nbtfile,runtime,1
velir_kaltura-ruby,runtime,1
net/http,runtime,1
ruby-openid,development,1
cursesx,runtime,1
lachie-tapp,runtime,1
jm81-svn-fixture,runtime,1
rxsd,runtime,1
r18n-rails-api,runtime,1
couchrest_extended_document,development,1
ddollar-preferences,runtime,1
blockenspiel,development,1
fast_xs,runtime,1
commonservicelocator,runtime,1
baconmocha,development,1
calais,runtime,1
titlecase,runtime,1
aws,development,1
gash,runtime,1
rails_sql_views,runtime,1
more,development,1
bitcache,runtime,1
action_mailer,development,1
rtfm,development,1
simplews,runtime,1
sbdb,runtime,1
hash_set_operators,runtime,1
get_args,runtime,1
>= 0.5,runtime,1
tamtam,runtime,1
oai,runtime,1
Pr0d1r2-active_record_geocodable,development,1
test_inline,runtime,1
sweet,runtime,1
chingu,runtime,1
spox-ultraviolet,runtime,1
feedzirra,development,1
cuba,development,1
quick_magick,development,1
win32-process,development,1
griddle,runtime,1
crystal_ext,runtime,1
acts_as_ferret,runtime,1
rallhook,runtime,1
curl_ffi,runtime,1
anise,runtime,1
gem-release,development,1
samlown-couchrest,runtime,1
rubi18n,runtime,1
ironruby-dbi,runtime,1
erbook,development,1
globalize3,runtime,1
peterpunk-mhash,runtime,1
prawn-layout,development,1
river,runtime,1
capcode-render-mustache,runtime,1
bmabey-email_spec,runtime,1
win32-event,runtime,1
flukso4r,runtime,1
remarkable_activemodel,development,1
dicom,runtime,1
libxosd2-ruby,runtime,1
tcpsocket-wait,development,1
ninject,runtime,1
usage,runtime,1
threach,runtime,1
xml-simple,development,1
visionmedia-tagz,runtime,1
libxml4r,runtime,1
rgen,runtime,1
lame_adapter,runtime,1
trout,runtime,1
Shoulda,runtime,1
earworm,runtime,1
lsof,runtime,1
johnson,development,1
dummy_data,runtime,1
simpleemail,runtime,1
llip,runtime,1
tlattr_accessors,runtime,1
hike,runtime,1
sinatra-extension,runtime,1
devise,development,1
rails_appengine,runtime,1
yajil-ruby,runtime,1
net-dns,development,1
serenity,development,1
action_view,development,1
weary,development,1
chartbeat,runtime,1
gdbm,runtime,1
backports,development,1
versions,runtime,1
actionmailer-with-request,runtime,1
usesguid,runtime,1
r18n-desktop,runtime,1
text-table,runtime,1
remi-simplecli,runtime,1
radiustar,runtime,1
capcode-render-coffee-script,runtime,1
loose_tight_dictionary,runtime,1
mattetti-googlecharts,runtime,1
posixlock,runtime,1
guard,development,1
opscode-rest,runtime,1
guessmethod,runtime,1
awesome_nested_set_jrmurad,runtime,1
childprocess,runtime,1
cucumber-sinatra,development,1
source_control,runtime,1
famoseagle-carrot,runtime,1
midas-guilded,development,1
rinject,runtime,1
decent_exposure,runtime,1
fadvise,runtime,1
integrator,runtime,1
infinity_test,development,1
call_stack,runtime,1
omnifocus,runtime,1
systemu_j,runtime,1
socket_accept_filter,runtime,1
semanticgap_date_time_form,runtime,1
validates_email_format_of,runtime,1
openpgp,runtime,1
faster_csv,runtime,1
rschenk-simple_uri_template,runtime,1
mcmire-matchy,runtime,1
agree2,runtime,1
hodel_3000_compliant_logger,runtime,1
defined-by,runtime,1
dynarex,runtime,1
glob_fu,runtime,1
retrograph,runtime,1
redcloth,development,1
mongo_mapper-rails3,development,1
spruz,runtime,1
grep,runtime,1
awesome_nested_set,runtime,1
babelphish,runtime,1
rich_units,runtime,1
watirsplash,runtime,1
ymdp_generator,runtime,1
ruby-gd,development,1
git_store,runtime,1
opengotham-rtranslate,runtime,1
pidify,runtime,1
MARQ,runtime,1
Dependency,runtime,1
smparkes-eventmachine,runtime,1
resque-access_worker_from_job,runtime,1
signature,runtime,1
ruby-fsevent,runtime,1
http_request.rb,runtime,1
flickr-rest,runtime,1
sevenwire-rest-client,runtime,1
rvk,runtime,1
seamusabshere-errata,runtime,1
tumblr-rb,runtime,1
rextra,runtime,1
sprout-flashplayer-tool,runtime,1
cosell,runtime,1
dirb,development,1
ruby_protobuf,development,1
lazy,runtime,1
ruby-libvirt,runtime,1
valdemaximus-xx,runtime,1
generator_extensions,development,1
test-unit-runner-tk,runtime,1
rack-bug,runtime,1
flickr_fu,development,1
youpy-scissor,runtime,1
formvalidator,runtime,1
differ,runtime,1
safe_eval,runtime,1
pauldix-sax-machine,runtime,1
table_for,runtime,1
"[""RubyInline""]",runtime,1
qed,runtime,1
ruby_gpg,runtime,1
called_from,runtime,1
micronaut,runtime,1
devver-right_http_connection,runtime,1
notprawn-layout,runtime,1
rogerdpack-sane,runtime,1
abstract-interface,runtime,1
tzinfo,development,1
xbel,runtime,1
rubysspi-server,runtime,1
luigi-httparty,runtime,1
xiacc,runtime,1
commandant,runtime,1
ae,runtime,1
rcodetools,development,1
yuicompressor,runtime,1
ruby-cymbol,runtime,1
cli,runtime,1
mongo_scope,runtime,1
asset_timestamps_cache,runtime,1
rtals,development,1
nanotest,runtime,1
classy-inheritance,runtime,1
smparkes-envjs,runtime,1
radiant-shop-extension,runtime,1
rspecsinatra,development,1
rails_best_practices,runtime,1
eco_apps,runtime,1
fpdf,runtime,1
mapel,runtime,1
muck-contents,runtime,1
grosser-rpx_now,runtime,1
alchemist,runtime,1
creditcard,runtime,1
tree_visitor,runtime,1
allison,development,1
send_nsca,runtime,1
spicycode-micronaut,development,1
twibot,runtime,1
rdf-do,runtime,1
rb-trace,runtime,1
appoxy_api,runtime,1
r43,runtime,1
jsmin_c,runtime,1
attribute_normalizer,runtime,1
maven_gem,runtime,1
tenderlove-frex,development,1
version_sorter,runtime,1
jruby-ehcache,runtime,1
highlogger,runtime,1
libxml,runtime,1
pure,runtime,1
joffice,runtime,1
subdomain-fu,runtime,1
padrino,runtime,1
sexy_validations,runtime,1
eycap,runtime,1
columnize,development,1
growl,development,1
pcap,runtime,1
sparkviewengine,runtime,1
flying_saucer,runtime,1
foca-storyteller,development,1
pit,development,1
win_gui,runtime,1
fast_hash_ring,runtime,1
wizardwerdna-pluggable,runtime,1
sortable_table,runtime,1
rid-export,runtime,1
savon-xaop,runtime,1
net-sftp,development,1
alpha,runtime,1
radiant-forum-extension,runtime,1
rjack-commons-pool,runtime,1
lunar,development,1
notify,runtime,1
eeepub,runtime,1
x,runtime,1
punch,runtime,1
collectiveidea-delayed_job,runtime,1
test_equality_with_lcs,development,1
bob,runtime,1
DBcache,runtime,1
meekish-openid_dm_store,runtime,1
ruby-sqlite,development,1
validatable,development,1
visionmedia-user-agent,runtime,1
vmbuilder_plugins,runtime,1
Ruby2C,runtime,1
fmod,runtime,1
RubyExt,runtime,1
rghost_barcode,runtime,1
mkdtemp,development,1
public_suffix_service,runtime,1
FreedomCoder-rubyzip,runtime,1
rake-test,development,1
opencv,runtime,1
autotest-screen,development,1
rUtilAnts,runtime,1
bencode,runtime,1
iconv,runtime,1
l2p,runtime,1
parndt-acts_as_tree,runtime,1
apetag,runtime,1
muck-feedbag,runtime,1
buildr,development,1
activegraph,runtime,1
reliable-msg,runtime,1
sergeant_simple,runtime,1
rfc822,runtime,1
sinatra-authorization,runtime,1
rightscale-api,runtime,1
Pr0d1r2-active_record_connectionless,development,1
rack-throttle,runtime,1
watcher,runtime,1
slugged,runtime,1
sr-mg,development,1
mocha-protest-integration,development,1
acts_as_commentable,runtime,1
transmission-client,runtime,1
feedbag,runtime,1
queuehash,runtime,1
esi_attribute_language,runtime,1
app-ctx,runtime,1
remarkable_activerecord,development,1
extjs-mvc,runtime,1
socky-client,runtime,1
nuatt_sunspot,runtime,1
ore-core,runtime,1
dm-transactions,development,1
github,development,1
subj3ct,runtime,1
xapian-fu,runtime,1
weakling,runtime,1
simple_rest,runtime,1
ruby-dtrace,runtime,1
rack-flash,development,1
rubyzip,development,1
peanuts,development,1
uss_monte_carlo,runtime,1
bones-rubyforge,runtime,1
core,runtime,1
common.logging,runtime,1
waves,runtime,1
rubygems-bug-child,runtime,1
pb,runtime,1
clarity,runtime,1
jchris-couchrest,runtime,1
plastic,runtime,1
shout-bot,runtime,1
epubcheck,development,1
sinatra-sessionography,development,1
ruby-fann,runtime,1
yammer4r,runtime,1
transporter,runtime,1
common,runtime,1
string_replacer,runtime,1
Ron,runtime,1
rtags,runtime,1
metaid,development,1
color_namer,runtime,1
dm-mongo-adapter,runtime,1
marcandre-backports,runtime,1
jsl-moneta,runtime,1
naturalsort,runtime,1
vidibus-routing_error,runtime,1
Empact-authlogic,runtime,1
rpv_core,runtime,1
couch_foo,runtime,1
plurk,runtime,1
rear_admiral_randy,runtime,1
chicago,development,1
locomotive_mongoid_acts_as_tree,runtime,1
capistrano >= 2.1.0,runtime,1
ftpfxp,runtime,1
simply_useful,runtime,1
thoth,runtime,1
mongomapper,development,1
rrr,runtime,1
auto-terminal,runtime,1
malt,runtime,1
radiant-users-extension,runtime,1
fast_require,runtime,1
easyprompt,runtime,1
bowline-bundler,runtime,1
language,runtime,1
markup_validity,development,1
serviceproxy,runtime,1
rbook-pacstream,runtime,1
jakewendt-ruby_extension,runtime,1
yact,development,1
linecache,development,1
fireeagle,runtime,1
clap,runtime,1
nitro,runtime,1
natural_time,development,1
redis-rb,runtime,1
pending,runtime,1
jason-o-matic-drbfire,runtime,1
ontomde-redland-win,runtime,1
simple-daemon,development,1
cohort_scope,development,1
rcapture,runtime,1
rbkb,runtime,1
ruby-informix,runtime,1
mitchellh-lightcloud,runtime,1
socky-server,runtime,1
win32console,development,1
bigrecord-driver,runtime,1
lightrdf,development,1
net-snarl,runtime,1
rjack-commons-codec,runtime,1
kagemusha,development,1
factorylabs-adapter_extensions,runtime,1
ruote-kit,runtime,1
rb-pcap,runtime,1
part_of_speech,runtime,1
senotrusov-ruby-toolkit,runtime,1
stringray,development,1
koi-vm-ruby,runtime,1
davidrichards-just_enumerable_stats,runtime,1
socksify,runtime,1
redparse,development,1
braintree,runtime,1
gopt,runtime,1
rsvg2,runtime,1
corsets,runtime,1
wopen3,development,1
steak,development,1
ymdt,runtime,1
humanize,runtime,1
loose_tight_dictionary-ruby19,runtime,1
line-tree,runtime,1
time_travel,development,1
requested,runtime,1
ruby-net-ldap,development,1
muck-activities,runtime,1
0.3.0,runtime,1
terminal_markup,runtime,1
capcode-render-redirect,runtime,1
jekyll-rendering,runtime,1
sys-filesystem,development,1
dhkeyexchange,runtime,1
rdfa_parser,runtime,1
actioncontroller,runtime,1
memcached-northscale,runtime,1
strongtyping,runtime,1
fluxx_crm,runtime,1
>= 1.1.1,runtime,1
spk-html5,runtime,1
cuke-test,development,1
selenium-client,development,1
testy,development,1
ruby_core_source,development,1
sys-admin,development,1
ontomde-uml2-crank,runtime,1
epic,runtime,1
sketches,runtime,1
win32-security,runtime,1
signupto,runtime,1
cover_me,development,1
streamio-ffmpeg,runtime,1
PageTemplate,runtime,1
textpow19,runtime,1
wrapt,runtime,1
concurrent,runtime,1
jfcouture-xmpp4r-simple,runtime,1
rak,runtime,1
nested_set,runtime,1
flickraw-cached,runtime,1
sinatra-effigy,runtime,1
plist4r,runtime,1
rackamole,runtime,1
ruby-sdl-ffi,runtime,1
selenium-rc,runtime,1
evma_xmlpushparser,runtime,1
whois,development,1
transmission,runtime,1
crystal,runtime,1
foca-sinatra-ditties,runtime,1
select,runtime,1
seanohalpin-smqueue,runtime,1
klarlack,runtime,1
coffee_machine,runtime,1
context,development,1
rbench,development,1
choice,development,1
flexsdk-tasks,runtime,1
progressions-basepath,runtime,1
rb-appscript,development,1
ruby-backports,runtime,1
mattmatt-validatable,runtime,1
rgrove-sanitize,runtime,1
psp_task,development,1
jwagener-multipart-post,runtime,1
math_ml,runtime,1
rexml,development,1
postgres-pr,runtime,1
bmabey-fakefs,development,1
rinruby,runtime,1
dm-rest-adapter,runtime,1
fizx-robots,runtime,1
progress-monitor,runtime,1
rujitsu,runtime,1
test-unit-runner-fox,runtime,1
simple-statistics,runtime,1
pit,runtime,1
machinist_mongo,development,1
XMLCanonicalizer,runtime,1
io-reactor,runtime,1
childlabor,runtime,1
static_record_cache,runtime,1
uwa,runtime,1
rexleparser,runtime,1
rserve-client,runtime,1
uagent,runtime,1
giraffesoft-resource_controller,runtime,1
os,runtime,1
jakewendt-authorized,runtime,1
rdp-rmagick,development,1
failtale-reporter,runtime,1
block-html,runtime,1
tagged_logger,runtime,1
rdfbus,runtime,1
coulda,development,1
yardstick,development,1
deep_test,runtime,1
sys-cpu,runtime,1
gsl,runtime,1
hexoid,runtime,1
commodore_cox,runtime,1
rtmapi,runtime,1
mbleigh-acts-as-taggable-on,runtime,1
mimic,development,1
xmp-simple,runtime,1
lokar,development,1
siren,runtime,1
openid,runtime,1
dm-is-awesome_set,runtime,1
acl9,runtime,1
cloudbridge,runtime,1
fcgi,development,1
anybase,runtime,1
reversible_data,development,1
gravitext-util,development,1
test-unit-runner-gtk2,runtime,1
sevenwire-forgery,runtime,1
polyrex-createobject,runtime,1
sort_alphabetical,runtime,1
multi,runtime,1
rack-oauth,runtime,1
rqrencoder,runtime,1
yaml,development,1
yrb,runtime,1
jakewendt-calnet_authenticated,runtime,1
capcode-render-sass,runtime,1
longurl,runtime,1
abstract,development,1
bcat,runtime,1
observables,runtime,1
rid-fn,runtime,1
invoicing,runtime,1
ruby-recaptcha,runtime,1
spockets,runtime,1
github,runtime,1
rubikon,runtime,1
sentient_user,runtime,1
ore-core,development,1
shvets-google_translate,runtime,1
mario,runtime,1
orichalcum,runtime,1
ruby-xslt,runtime,1
popen4,development,1
radamanthus-skates,runtime,1
winrm,runtime,1
gchart,runtime,1
jcode,runtime,1
snapurl,runtime,1
technicalpickles-shoulda,development,1
lawnchair,runtime,1
html_min,runtime,1
jakewendt-assert_this_and_that,runtime,1
friendly_id,development,1
riel,runtime,1
adhearsion,runtime,1
eventbright,runtime,1
rack-google-analytics,runtime,1
activemodel,development,1
interval,runtime,1
tempdir,runtime,1
uuid,development,1
atom-tools,development,1
andre-geokit,runtime,1
grempe-amazon-ec2,runtime,1
spatial_adapter,runtime,1
delorean,development,1
linecache19,runtime,1
oauth-active-resource,runtime,1
em-http-oauth-request,runtime,1
every,development,1
capcode-render-json,runtime,1
netzke-basepack,runtime,1
remarkable_rails,runtime,1
francois-shoulda,development,1
forkoff,runtime,1
ruby-unix-now,runtime,1
sqs,runtime,1
sanitize-url,runtime,1
mspec,runtime,1
nayutaya-active-form,runtime,1
geoutm,runtime,1
lightcsv,runtime,1
scaffolding_extensions,development,1
cri,runtime,1
rake-remote_task,runtime,1
signed_json,runtime,1
dkastner-taps,runtime,1
rerun,runtime,1
rspec_spinner,runtime,1
mvcturbine,runtime,1
point,runtime,1
rails_product,runtime,1
echoe,runtime,1
ActionTimer,runtime,1
mapricot,runtime,1
firewatir>= 1.6.5,runtime,1
activerecord-jdbcsqlite3-adapter,development,1
win32rc,runtime,1
spy-vs-spy,runtime,1
push-notify,runtime,1
dotless,runtime,1
xmppr4-simple,development,1
ym4r,runtime,1
kronn-has_many_polymorphs,runtime,1
flat_hash,runtime,1
month,runtime,1
ruby-openid-apps-discovery,runtime,1
ontomde-demo-acegi,runtime,1
gruff,development,1
jake,runtime,1
spawn,development,1
resque-lock-timeout,runtime,1
ftp_sync,runtime,1
bananajour,runtime,1
inploy,runtime,1
engineyard,runtime,1
mongomapper-devise,runtime,1
netvibes,runtime,1
redis-namespace,development,1
jsdoc-toolkit,development,1
configurability,runtime,1
englishext,runtime,1
delayed_job_mongoid,runtime,1
json-jruby,development,1
fast-aes,runtime,1
hive,runtime,1
sys-proctable,development,1
capcode-render-markaby,runtime,1
robustthread,development,1
ey-flex,runtime,1
spoon,runtime,1
lightrdf,runtime,1
capybara-envjs,development,1
adva-core,runtime,1
qtbindings,runtime,1
ydd,runtime,1
jettr,runtime,1
tagtreescanner,runtime,1
ruby2ruby,development,1
mongoid_adjust,runtime,1
restclient,development,1
rubydoctest,development,1
alphadecimal,runtime,1
ruote-amqp,runtime,1
slimtimer4r,runtime,1
UPnP,runtime,1
sinatra-assets,runtime,1
orangutan,development,1
artifice,runtime,1
xml-object,development,1
ontomde,runtime,1
recaptcha,runtime,1
wss4r,runtime,1
rubiii-apricoteatsgorilla,runtime,1
hoe-telicopter,development,1
deep_clonable,runtime,1
trainbbcode,runtime,1
ParseTreeReloaded,runtime,1
gem_patching,development,1
schacon-grit,runtime,1
ffi-packets,runtime,1
poliqarpr,runtime,1
serializable_proc,runtime,1
linecache-tf,runtime,1
mm-multi-parameter-attributes,runtime,1
mynyml-rack-abstract-format,runtime,1
simple_pid,runtime,1
adhoc,runtime,1
pr_geohash,runtime,1
whois,runtime,1
text/reform,runtime,1
qpid,runtime,1
skates,runtime,1
emitter,development,1
racksh,development,1
edi4r,runtime,1
faraday-middleware,runtime,1
hoe-bundler,development,1
mast,runtime,1
sprockets,development,1
gem-man,runtime,1
weak_hash,runtime,1
pcaprub,development,1
qtruby4,runtime,1
pyu-ntlm-http,runtime,1
reference_tracking,runtime,1
sinatra-default_charset,runtime,1
qui-index-table,runtime,1
oklahoma_mixer,runtime,1
dynarex-blog,runtime,1
context,runtime,1
http_connection,runtime,1
merb-datamapper,runtime,1
currentcost,runtime,1
yogo-operation,runtime,1
snapshots,runtime,1
worker,runtime,1
requested,development,1
drx,runtime,1
distance_measures,runtime,1
dojo_src,runtime,1
atoulme-Antwrap,runtime,1
isolate-scenarios,development,1
rid-init,runtime,1
rosc,development,1
jquery_client,runtime,1
mail_processor,runtime,1
escape,development,1
resh,runtime,1
tracepoint,runtime,1
randgen,runtime,1
builder>= 2.1.2,runtime,1
cql-ruby,runtime,1
rocket-core,runtime,1
assert2,development,1
ssoroka_takes_the_win,runtime,1
ephemeral_response,development,1
rack_referral,runtime,1
gdkpixbuf,runtime,1
adsf,runtime,1
drc_client,development,1
rscribd,runtime,1
extra,runtime,1
francois-rest-client,runtime,1
use,runtime,1
HighLine,runtime,1
rparsec,runtime,1
rdfobjects,runtime,1
sutto-oauth,runtime,1
rake-tasks,runtime,1
tokyocabinet,runtime,1
bellmyer-hydra,runtime,1
narray,development,1
okkez-open_id_authentication,runtime,1
ronin-gen,runtime,1
rack-jsonp,runtime,1
ruby-xml-smart,runtime,1
asunit4,development,1
cronedit,runtime,1
bivouac,runtime,1
visionmedia-bind,runtime,1
image_science,development,1
xmlobject,runtime,1
handsoap,development,1
fizx-parsley-ruby,runtime,1
kdonovan-happymapper,runtime,1
rd_unobtrusive_date_picker,runtime,1
rjack-xerces,runtime,1
ontomde-demo-java5,runtime,1
jruby-ldap,runtime,1
optimus-prime,runtime,1
ruby-postgres,runtime,1
glennr-posterous,runtime,1
rdbi-driver-mock,development,1
dm-observer,development,1
rdf-mapper,runtime,1
actionview,runtime,1
collections,runtime,1
postbox,runtime,1
net-ldap,development,1
toholio-serialport,runtime,1
capcode-render-haml,runtime,1
net-loc,runtime,1
vidibus-uuid,runtime,1
tropo_message,runtime,1
capcode-base-couchrest,runtime,1
win32-mmap,development,1
foca-sinatra-diddies,runtime,1
shouldamocha,development,1
mockfs,runtime,1
fakeweb-matcher,development,1
radiant,development,1
merb_full_url,development,1
pom,runtime,1
jakewendt-simply_authorized,runtime,1
cehoffman-sinatra-respond_to,runtime,1
rb-appscript>= 0.5.3,runtime,1
sparrow,runtime,1
ddao-kwalify,runtime,1
org-ruby,development,1
texel-lighthouse-api,runtime,1
xh5-twitter-stream,runtime,1
pvande-differ,runtime,1
mcmire-openhash,development,1
jrexml,runtime,1
dm-appengine,runtime,1
url_escape,runtime,1
rtomayko-rdiscount,runtime,1
ansi,development,1
nifty-generators,runtime,1
tiny_ds,runtime,1
httpauth,runtime,1
juggernaut,runtime,1
pelle-oauth,runtime,1
dot11,runtime,1
san,runtime,1
geohash,runtime,1
rex,runtime,1
sys-uname,development,1
pluggable,development,1
mocoso-snapurl,runtime,1
edgar-twitter-search,runtime,1
capcode-render-static,runtime,1
isaac,development,1
amee-ruby,development,1
to_json_fix,development,1
enumerated_attribute,runtime,1
css_parser_master,runtime,1
webget_ruby_dsl_error,runtime,1
factorylabs-auto_tagger,runtime,1
thor-cheese,runtime,1
drogus-oauth,runtime,1
memcache_do,runtime,1
rbbt,runtime,1
tanzeeb-rufus-scheduler,runtime,1
composite,runtime,1
rpeg-markdown,runtime,1
nirvdrum-amazon-ec2,runtime,1
nettica,runtime,1
ruby-ffi,runtime,1
mimetype-fu,runtime,1
creole,runtime,1
shellshot,runtime,1
opengotham_redis-namespace,runtime,1
library_stdnums,runtime,1
unroller,runtime,1
RequirePaths,runtime,1
acts_as_versioned,runtime,1
advisable,runtime,1
rdbi-dbrc,development,1
ruby-libnotify,runtime,1
sqldsl,runtime,1
hangman_letter_letdown,runtime,1
methodcache,runtime,1
mongo_mapper_ign,runtime,1
eim_xml,runtime,1
capcode-render-binary,runtime,1
peterpunk-mhash,development,1
optparse-defaults,runtime,1
webrick-webdav,development,1
git-deploy,runtime,1
gatekeeper,runtime,1
zmqmachine,runtime,1
splat,development,1
plist,development,1
erbook,runtime,1
bob-test,development,1
rubytorrent,runtime,1
geoweb,runtime,1
applescript,runtime,1
jordi-xml-object,runtime,1
ruby_http_parser,runtime,1
jakewendt-simply_pages,runtime,1
Caged-lighthouse-api,runtime,1
unindent,development,1
systeminformation,runtime,1
rspec-rails-matchers,development,1
rubyful_soup,runtime,1
radius,development,1
juliocesar-harmony,development,1
tcpsocket-wait,runtime,1
castle.windsor,runtime,1
sinarta,development,1
s33r,runtime,1
rubberband,runtime,1
hpriocot,runtime,1
progressbar,development,1
carps,runtime,1
rbook-onix,runtime,1
rbook-titlepage,runtime,1
effigy,runtime,1
onfire,runtime,1
nested_hash_tricks,runtime,1
ontomde-demo-flex,runtime,1
feed_tools,runtime,1
icanhasaudio,runtime,1
enumerable-proxy,runtime,1
rules_engine,runtime,1
vestal_versions,development,1
imw,runtime,1
akm-selectable_attr,runtime,1
forgery,runtime,1
glebm-nokogiri,runtime,1
julien51-sax-machine,runtime,1
ruby-treemap,runtime,1
tenjin,runtime,1
inherited_views,runtime,1
rid-dd,runtime,1
fcsh,runtime,1
h2o,runtime,1
autotest-rails,runtime,1
symphony_cookbook,runtime,1
kinda-core,runtime,1
orange-more,runtime,1
osc,runtime,1
warden_oauth,runtime,1
passport,runtime,1
syckle,development,1
unicorn,development,1
utilio,development,1
ticgit,runtime,1
rand,runtime,1
reactive-core,runtime,1
konfigurator,runtime,1
em-mysql,runtime,1
common-pool,runtime,1
bacon-bits,development,1
split_logger,runtime,1
typestrict,runtime,1
ultrasphinx,runtime,1
auth-hmac,runtime,1
em-beanstalk,runtime,1
terminal-table,development,1
ya2yaml,development,1
one_inch_punch,runtime,1
lilypad,runtime,1
paperclip,development,1
rubypeg,runtime,1
prawn-format,development,1
kerryb-right_http_connection,runtime,1
mogilefs-client,runtime,1
inherited_resources,development,1
ruby-odbc,runtime,1
nanotest_extensions,development,1
net-mdns,runtime,1
spree_promo,runtime,1
ae,development,1
noodall-ui,runtime,1
rogerdpack-arguments,runtime,1
configify,runtime,1
formatize,runtime,1
rspec-fixture,development,1
autoloader,runtime,1
color_debug_messages,runtime,1
wxruby-ruby19,runtime,1
simplecov-html,development,1
imgur,runtime,1
optparse,runtime,1
postage,runtime,1
openlogic-resourceful,runtime,1
osmlib-base,runtime,1
sevenwire-http_client,runtime,1
gattica,runtime,1
terminal_table,runtime,1
joshua_son_of_nun,runtime,1
robot-army,runtime,1
levenshtein,runtime,1
all-your-base,runtime,1
Markaby,runtime,1
tarruby,runtime,1
king_hmac,runtime,1
kramdown,development,1
code_stats,development,1
"facets >=2.0.0
",runtime,1
cssmin,development,1
wmainfo-rb,runtime,1
fold,runtime,1
Cartesian,runtime,1
CFPropertyList,runtime,1
GraphvizR,runtime,1
markbates-split_logger,runtime,1
geocoder,runtime,1
camping_generator,runtime,1
ruby-rpm,runtime,1
eventmachine-eventmachine,runtime,1
wireframe-jira4r,runtime,1
registry,runtime,1
tryouts,runtime,1
dbd-adonet-sqlserver,runtime,1
unihan,runtime,1
rdp-ruby-wmi,runtime,1
backtrack-xpath,runtime,1
amee,runtime,1
spox-textpow,runtime,1
nakajima-makers-mark,runtime,1
soap,runtime,1
rsruby,runtime,1
p4ruby,runtime,1
sortable_element_for_nested_set,runtime,1
couchrest ,runtime,1
cijoe,runtime,1
cinch,runtime,1
simpletimer,runtime,1
sanitize_email,runtime,1
interactive_editor,runtime,1
ruby_parser,development,1
gemify,runtime,1
igrigorik-bloomfilter,runtime,1
vegas,development,1
dbi-dbrc,development,1
uuid4r,runtime,1
mharris_ext,runtime,1
nake,development,1
base62,runtime,1
path,runtime,1
chronic,development,1
rocket-server,runtime,1
mynyml-every,development,1
SFAtidy,runtime,1
libbz2,runtime,1
libdir,runtime,1
masterview_gem_plugin_generator,runtime,1
riak,runtime,1
ntlm-http,runtime,1
growl-glue,development,1
curies,runtime,1
spicycode-micronaut-rails,development,1
Hpricot,development,1
jscompress,runtime,1
muck-users,runtime,1
sinatra-outputbuffer,runtime,1
clickatell,development,1
binarylogic-searchlogic,runtime,1
jruby-openssl,development,1
seamusabshere-conversions,runtime,1
swin,runtime,1
neo4j,runtime,1
pusher,runtime,1
muck-raker,runtime,1
party_resource,runtime,1
ohm,development,1
oauth-cli-twitter,runtime,1
djsun-context,development,1
mojombo-chronic,runtime,1
fizx-rwget,runtime,1
benhoskings-is_paranoid,runtime,1
staticmatic,development,1
jsonrpc,runtime,1
webget_ruby_dsl_methods,runtime,1
drnic-haml,development,1
hashery,runtime,1
roo,development,1
multimap,runtime,1
daemon_controller,development,1
pow,runtime,1
winton-externals,runtime,1
richunits,runtime,1
uploader,runtime,1
rails redcloth term-ansicolor,runtime,1
poppler,runtime,1
geo_ruby,runtime,1
project_scout,runtime,1
extensional,runtime,1
grackle,runtime,1
beacon,development,1
abstract_interface,runtime,1
libarchive,runtime,1
commander,development,1
domainatrix,runtime,1
slow-actions,runtime,1
campaigning,runtime,1
dust,runtime,1
yahoofinance,runtime,1
envjs,development,1
log_buddy,development,1
work_queue,runtime,1
pathname_local,development,1
defensio,runtime,1
one40_proof,runtime,1
albacore,runtime,1
bitmask-attribute,runtime,1
robustserver,runtime,1
Hpricot,runtime,1
rake-complier,development,1
parseinput,runtime,1
parsey,runtime,1
minitar,runtime,1
nibbler,runtime,1
astro-ruby-sasl,runtime,1
aska,runtime,1
Antwrap,development,1
flickr,runtime,1
acts-as-list,runtime,1
bike,runtime,1
Sutto-em-redis,runtime,1
flashplayer,runtime,1
net-http-persistent,development,1
rgtk,runtime,1
absolutize,runtime,1
glassfish,runtime,1
mofo,runtime,1
hoe-gemspec,development,1
load_path_find,runtime,1
front-compiler,runtime,1
external,runtime,1
resque-fairly,runtime,1
random_text,runtime,1
go-rank,runtime,1
agraph,runtime,1
cramp,runtime,1
devise_invitable,runtime,1
css_parser_1.1.0,runtime,1
webmoney,runtime,1
gdata_19,runtime,1
sbyc,runtime,1
mcmire-contest,development,1
fancypath,development,1
literate_maruku,development,1
erb,development,1
sass,development,1
ruby-lvm-attrib,runtime,1
ipaddr_list,runtime,1
eventmachine-tail,runtime,1
rjack-slf4j,development,1
curl-multi,runtime,1
webformsmvp,runtime,1
sinbook,runtime,1
formtastic-rails3,runtime,1
scout_scout,runtime,1
brightbox-rujitsu,runtime,1
ducktypechecker,runtime,1
whorm,runtime,1
id3lib-ruby,runtime,1
six-uac,runtime,1
parseconfig,development,1
cursor,runtime,1
yabawock-Saikuro,runtime,1
sa-carrot,runtime,1
technoweenie-rest-client,runtime,1
proxies,runtime,1
orm_adapter,runtime,1
utility_belt,runtime,1
lwes,runtime,1
looksee,runtime,1
selenium_client,runtime,1
radiant-settings-extension,runtime,1
unindent,runtime,1
easy_roles,runtime,1
yogo-db,runtime,1
caring-aws-sdb,runtime,1
acdc,runtime,1
ruport,development,1
snitch,runtime,1
dataflow,runtime,1
rexec,runtime,1
ruck,runtime,1
ruby-graphviz,development,1
fsa,runtime,1
dm-is-versioned,runtime,1
keso,runtime,1
indifferent-variable-hash,runtime,1
fbgraph_rails,runtime,1
whatlanguage,runtime,1
stories,development,1
nakajima-nakajima,runtime,1
diff2xml,runtime,1
sprinkle,runtime,1
mongo_doc,runtime,1
nezetic-ruby-xbmc,runtime,1
mongo_mapper_ext,runtime,1
safariwatir,runtime,1
micronaut-rails,development,1
tagz,runtime,1
lorem,development,1
merger,runtime,1
dm-pager,runtime,1
net-ssh-telnet,runtime,1
mash,development,1
ruby-ext,runtime,1
ontomde-demo-struts,runtime,1
glennr-posterous,development,1
query_string_parser,runtime,1
jakewendt-simply_helpful,runtime,1
threadify,runtime,1
khayyam,runtime,1
ruby-ogg,runtime,1
rb-lorcon,runtime,1
vagrant,runtime,1
rcrypt,runtime,1
robotstxt,development,1
adapter_extensions,runtime,1
ruby_core_source,runtime,1
fake_mechanize,development,1
plain_option_parser,runtime,1
structuremap,runtime,1
polyrex,runtime,1
mediacloth,runtime,1
mediashelf-loggable,runtime,1
bones-extras,runtime,1
jruby-on-hadoop,runtime,1
pluggable,runtime,1
getsource,runtime,1
lockfile,development,1
rd_awesome_nested_set,runtime,1
redis_support,runtime,1
mzml,runtime,1
hipe-gorillagrammar,runtime,1
orend-sax-machine,runtime,1
iterm_window,runtime,1
hugo,runtime,1
rexml,runtime,1
swirl,runtime,1
urirequire,runtime,1
watir-webdriver,runtime,1
roman-rots,development,1
text-format,development,1
rsdl,runtime,1
hikidoc,runtime,1
dyoder-hive,runtime,1
org-ruby,runtime,1
xcodeide,runtime,1
geokit,development,1
main,development,1
typelib,runtime,1
"",runtime,1
akamai,runtime,1
dotiw,runtime,1
activerdf_sparql,runtime,1
linecache,runtime,1
fredo,development,1
fastcgi,runtime,1
snowleopard-ncurses,runtime,1
technicalpickles-shouldamocha,development,1
slim-attributes,runtime,1
globalize3,development,1
timer,development,1
rocco,runtime,1
renum,development,1
bunny,development,1
wizardwerdna-pluggable,development,1
pNet-DNS,runtime,1
mail,development,1
dynect,runtime,1
simple_slugs,runtime,1
parallel_tests,runtime,1
clap,development,1
actioncontroller,development,1
stale_fish,development,1
rgl-0.2.3,runtime,1
test_spec,runtime,1
hpoydar-chronic_duration,runtime,1
rjack-jdom,development,1
vector2d,runtime,1
gravatar,runtime,1
tinytest,development,1
localized_each_validator,runtime,1
epoxy,runtime,1
temperature,runtime,1
jekylltask,development,1
caleb-chronic,runtime,1
RingyDingy,runtime,1
sys-filesystem,runtime,1
hashidator,runtime,1
joint,runtime,1
rack-codehighlighter,runtime,1
errand,runtime,1
exception_string,runtime,1
shell_shock,runtime,1
teambox-client,runtime,1
shifty_week,runtime,1
monkeyshines,runtime,1
kyanite,runtime,1
nestful,runtime,1
rainpress,development,1
switchtower,runtime,1
webrick-webdav,runtime,1
brightbox-fog,runtime,1
yaml,runtime,1
tiny_css,runtime,1
edl,runtime,1
contxtlservice,runtime,1
progressions-basepath,development,1
SexpProcessor,runtime,1
rd_resource_controller,runtime,1
white_horseman,runtime,1
statsample-bivariate-extension,runtime,1
vlad-extras,runtime,1
lemon,development,1
sinatra-ditties,runtime,1
vlad-git,runtime,1
crypt19,runtime,1
muck-solr,runtime,1
rubyhaze,runtime,1
cicphash,runtime,1
ooor,runtime,1
alovak-network,runtime,1
ncursesw,runtime,1
bones-rcov,runtime,1
f,runtime,1
mbbx6spp-twitter4r,runtime,1
rcl,runtime,1
hashcache,runtime,1
capcode-base-datamapper,runtime,1
smtp-tls,runtime,1
classx,runtime,1
rainbow,development,1
orange-sparkles,runtime,1
xray,runtime,1
rightscaler,runtime,1
redinger-validation_reflection,runtime,1
claudiob-yesradio,runtime,1
SimpleSearch,runtime,1
ruby-cache,runtime,1
iseq,runtime,1
safariwatir>= 0.3.7,runtime,1
muck-comments,runtime,1
hashify,runtime,1
em-http,runtime,1
packr,development,1
expression_parser,runtime,1
gem2rpm,runtime,1
positionrange,runtime,1
roma-commons,runtime,1
dbf,development,1
imagesize,runtime,1
couchrest_model,development,1
google-spreadsheet-ruby,development,1
rails_creator,runtime,1
ko,development,1
globalize2,runtime,1
multipart,runtime,1
ppds-libs,runtime,1
dust,development,1
monk-glue,runtime,1
buzzcorej,runtime,1
ar_result_calculations,runtime,1
csspool,runtime,1
sprout-asunit3-library,runtime,1
grosser-fast_gettext,runtime,1
kuahyeow-sunspot,runtime,1
blueprints,development,1
traits,runtime,1
ruby-termios,runtime,1
evalhook,runtime,1
mad_mimi_mailer,runtime,1
jstewart-yammer4r,runtime,1
radiant-reader_group-extension,runtime,1
mockingbird,development,1
jordi-xml-object,development,1
googlecharts,development,1
rbus,runtime,1
dbus,runtime,1
addresasble,runtime,1
rumbster,development,1
integrity,runtime,1
openssl,runtime,1
net-netrc,runtime,1
log4r-1.0.5,runtime,1
qui-tabs,runtime,1
hitimes,development,1
yahoo-finance,runtime,1
rmmseg,runtime,1
publisher,runtime,1
ruby-threading-toolkit,runtime,1
linguistics,runtime,1
halcyon,runtime,1
mongrel_cow_cluster,runtime,1
strict,runtime,1
ohash,runtime,1
celerity,development,1
unicodechars,runtime,1
require-magic,runtime,1
bones-git,runtime,1
capistrano-extensions,runtime,1
devise-twitter,runtime,1
rack-geo,runtime,1
restful_query,runtime,1
immutable_struct,runtime,1
rdoc: >= 2.1.0,runtime,1
tranexp,runtime,1
geoplanet,runtime,1
capcode-render-mail,runtime,1
rbook-gbip,runtime,1
rjack-sfl4j,runtime,1
sqlanywhere,runtime,1
std_capture,runtime,1
nokogiri-happymapper,runtime,1
em-redis,runtime,1
net-flickr,runtime,1
madmimi,runtime,1
ontomde-java,runtime,1
masterview_parser,runtime,1
named_arguments,runtime,1
zilkey-auto_tagger,runtime,1
zip,development,1
amazon-ecs,runtime,1
rspec gom-script applix,development,1
culerity,development,1
jackdempsey-acts_as_commentable,runtime,1
wedge,runtime,1
assertions,runtime,1
aasm,development,1
mcmire-mocha,runtime,1
g,runtime,1
childlabor,development,1
closure-compiler,development,1
imdb,runtime,1
darkfish-rdoc,development,1
active_resource_throttle,runtime,1
rubyexts,development,1
dm-postgres-adapter,development,1
xattr,runtime,1
rufus-dollar,runtime,1
langscan,runtime,1
folio,runtime,1
mostash,runtime,1
zentest,runtime,1
mm_dirtier,runtime,1
xapian-full,runtime,1
murder,runtime,1
rails_datamapper,runtime,1
xml-object,runtime,1
htty,runtime,1
brightbox,runtime,1
geoip_city,runtime,1
railsless-deploy,runtime,1
uuidtools,development,1
rr-matchy,development,1
unit_record,development,1
authlogic-oid,runtime,1
jsonbuilder,runtime,1
n_gram,runtime,1
mhennemeyer-output_catcher,development,1
validate_email,development,1
table_builder,runtime,1
bacon-rr,development,1
using,runtime,1
flex3sdk,runtime,1
color,development,1
urlshort,runtime,1
santey_vote,runtime,1
rpm-utils,runtime,1
radiant-mailer_layouts-extension,runtime,1
pkg-config,runtime,1
febeling-rubyzip,runtime,1
kvs,runtime,1
quick_attr,runtime,1
flashplayer-task,runtime,1
simple_record,runtime,1
pty,runtime,1
leap,development,1
ruby-ldap,runtime,1
wbzyl-sinatra-rdiscount,runtime,1
httpi,runtime,1
seed-fu,runtime,1
treevisitor,runtime,1
chuparuby,runtime,1
eactionpack,runtime,1
bcrypt,runtime,1
braid,development,1
ruby-xbmc,runtime,1
caleb-chronic,development,1
exemplor,runtime,1
googletranslate,runtime,1
mongo_session_store,runtime,1
UPnP-ContentDirectory,runtime,1
net-fs-gmail,runtime,1
jnunemaker-mongomapper,development,1
simple_publisher,development,1
trinidad_dbpool,runtime,1
valuable,runtime,1
etest,runtime,1
"facets >=2.4.4
",runtime,1
josevalim-inherited_resources,runtime,1
locomotive_liquid,runtime,1
six-arma-tools,runtime,1
antfarm-core,runtime,1
rdf-spec-ruby19,development,1
win32-shortcut,runtime,1
rtrac,runtime,1
youthtree-settings,runtime,1
activeresource,development,1
Ruby-yUML,runtime,1
tenderlove-frex,runtime,1
lustr-core,runtime,1
cim,runtime,1
jadof,runtime,1
cancan,development,1
tuple,runtime,1
bones-rspec,runtime,1
mdalessio-dryopteris,runtime,1
kelredd-simple-gem,development,1
time,development,1
linode,runtime,1
inverse_of,runtime,1
simpleexpression,runtime,1
firebrigade_api,runtime,1
wopen3,runtime,1
braintree,development,1
ahoy,runtime,1
soundcloud-ruby-api-wrapper,runtime,1
VRTools,runtime,1
otaku,development,1
walrat,runtime,1
lsegal-yard,development,1
lightcloud,runtime,1
Empact-rpx_now,runtime,1
dummy_routes,runtime,1
roxml,development,1
basepath,development,1
outsider,runtime,1
